corp_name,year,repr_code,debt_ratio,op_margin,revenue,sales_growth,debt_ratio_diff,risk_label,target_risk_next_q,sentiment_score
BGF리테일,2018,11011,184.2,3.28,5775862323457.0,515.2813031202712,-44.47,0,1,0.2
BGF리테일,2018,11012,223.7,3.82,1478486428451.0,-74.40232565020544,39.5,1,1,0.2
BGF리테일,2018,11013,228.05,1.98,1316624238207.0,-10.947830641474464,4.350000000000023,1,1,0.2
BGF리테일,2018,11014,207.8,4.26,1539438124605.0,16.92311898354777,-20.25,1,1,0.2
BGF리테일,2019,11011,248.93,3.31,5946068219555.0,286.2492505881446,41.13,1,1,0.2
BGF리테일,2019,11012,285.45,4.02,1516513163619.0,-74.49553036355015,36.51999999999998,1,1,0.2
BGF리테일,2019,11013,314.71,1.95,1349820363725.0,-10.991846552535367,29.25999999999999,1,1,0.2
BGF리테일,2019,11014,262.04,4.1,1582745297652.0,17.255994959522923,-52.66999999999996,1,1,0.2
BGF리테일,2020,11011,240.28,2.62,6181269419288.0,290.54100672154283,-21.76000000000002,1,1,0.2
BGF리테일,2020,11012,261.99,2.88,1549208136886.0,-74.93705529074887,21.710000000000008,1,1,0.2
BGF리테일,2020,11013,270.74,1.33,1393051925176.0,-10.07974383764103,8.75,1,1,0.2
BGF리테일,2020,11014,264.14,3.78,1682728482193.0,20.794383309179377,-6.600000000000023,1,1,0.2
BGF리테일,2021,11011,220.81,2.94,6781161259022.0,302.9860628605107,-43.329999999999984,1,1,0.2
BGF리테일,2021,11012,256.55,3.45,1700416669794.0,-74.92440299171945,35.74000000000001,1,1,0.2
BGF리테일,2021,11013,260.75,1.44,1501235771674.0,-11.713652404038722,4.199999999999989,1,1,0.2
BGF리테일,2021,11014,237.96,3.78,1836557490898.0,22.336379504872102,-22.789999999999992,1,1,0.2
BGF리테일,2022,11011,206.06,3.31,7615769467741.0,314.6763444915196,-31.90000000000001,1,1,0.2
BGF리테일,2022,11012,229.67,3.69,1918580371478.0,-74.80779349211194,23.609999999999985,1,1,0.2
BGF리테일,2022,11013,242.74,2.23,1692224040773.0,-11.798115631227056,13.070000000000022,1,1,0.2
BGF리테일,2022,11014,221.24,4.45,2055724628037.0,21.48064195435697,-21.5,1,0,0.2
BGF리테일,2023,11011,199.6,3.09,8194753978897.0,298.63091909941875,-21.64000000000001,0,1,0.2
BGF리테일,2023,11012,222.37,3.72,2098224064624.0,-74.39552096344426,22.77000000000001,1,1,0.2
BGF리테일,2023,11013,234.96,2.0,1849561501825.0,-11.85109669607951,12.590000000000003,1,1,0.2
BGF리테일,2023,11014,212.57,3.94,2206809870082.0,19.315300837765918,-22.39000000000001,1,0,0.2
BGF리테일,2024,11011,187.35,2.89,8698757469111.0,294.1779301896894,-25.22,0,0,0.2
BGF리테일,2024,11012,198.63,3.46,2202880660591.0,-74.67591586024376,11.28,0,1,0.2
BGF리테일,2024,11013,214.53,1.67,1953820037832.0,-11.30613324700852,15.900000000000006,1,0,0.2
BGF리테일,2024,11014,189.96,3.92,2325582280004.0,19.027455700808304,-24.569999999999997,0,0,0.2
BGF리테일,2025,11011,170.83,2.8,9061216107616.0,289.6321444107501,-19.129999999999995,0,0,0.2
BGF리테일,2025,11012,187.51,3.03,2290149968095.0,-74.72579904401444,16.67999999999998,0,0,0.2
BGF리테일,2025,11013,196.86,1.12,2016470142403.0,-11.950301487009307,9.350000000000025,0,0,0.2
CJ제일제당,2016,11011,160.15,5.79,14563257246000.0,12.679704931813628,4.800000000000011,0,0,0.4
CJ제일제당,2016,11012,159.17,5.83,3609605475000.0,-75.21429846340571,-0.9800000000000182,0,0,0.4
CJ제일제당,2016,11013,160.11,6.59,3534022201000.0,-2.093948342096863,0.940000000000026,0,0,0.4
CJ제일제당,2016,11014,154.98,6.61,3679038311000.0,4.10342951323186,-5.130000000000024,0,0,0.4
CJ제일제당,2017,11011,174.55,4.71,16477174023000.0,347.8663343552228,19.57000000000002,0,0,0.4
CJ제일제당,2017,11012,163.46,4.21,3908894716000.0,-76.27691064897604,-11.090000000000003,0,0,0.4
CJ제일제당,2017,11013,160.55,4.98,3866534180000.0,-1.083696008147994,-2.9099999999999966,0,0,0.4
CJ제일제당,2017,11014,172.43,6.11,4410655290000.0,14.072579852378286,11.879999999999995,0,0,0.4
CJ제일제당,2018,11011,166.78,4.46,18670059989000.0,323.2944712621149,-5.650000000000006,0,0,0.4
CJ제일제당,2018,11012,163.38,4.14,4453748788000.0,-76.14496798283426,-3.4000000000000057,0,0,0.4
CJ제일제당,2018,11013,184.82,4.84,4348588146000.0,-2.361171386301364,21.44,0,0,0.4
CJ제일제당,2018,11014,169.78,5.36,4945574847000.0,13.72828791682954,-15.039999999999992,0,0,0.4
CJ제일제당,2019,11011,177.18,4.01,22352462296000.0,351.9689416804412,7.400000000000006,0,0,0.4
CJ제일제당,2019,11012,185.44,3.18,5515310216000.0,-75.32571515851758,8.259999999999991,0,0,0.4
CJ제일제당,2019,11013,193.83,3.57,5017753362000.0,-9.021375670883936,8.390000000000015,0,0,0.4
CJ제일제당,2019,11014,182.23,4.66,5858111236000.0,16.747691912562356,-11.600000000000025,0,0,0.4
CJ제일제당,2020,11011,151.93,5.61,24245725654000.0,313.88298509939733,-30.299999999999983,0,0,0.4
CJ제일제당,2020,11012,164.08,6.5,5920879356000.0,-75.57969829200312,12.150000000000006,0,0,0.4
CJ제일제당,2020,11013,165.83,4.73,5830942047000.0,-1.5189856707494065,1.75,0,0,0.4
CJ제일제당,2020,11014,160.16,6.34,6342466685000.0,8.77258998420638,-5.670000000000016,0,0,0.4
CJ제일제당,2021,11011,148.51,5.8,26289227767000.0,314.4953229186729,-11.650000000000006,0,0,0.4
CJ제일제당,2021,11012,147.39,7.44,6309217799000.0,-76.00074884314498,-1.1200000000000043,0,0,0.4
CJ제일제당,2021,11013,149.89,6.23,6178109147000.0,-2.0780492317253763,2.5,0,0,0.4
CJ제일제당,2021,11014,150.29,6.32,6854085659000.0,10.941478952799732,0.4000000000000057,0,0,0.4
CJ제일제당,2022,11011,160.33,5.53,30079513121000.0,338.85522617452307,10.04000000000002,0,0,0.4
CJ제일제당,2022,11012,153.15,6.71,7516610595000.0,-75.01086349116375,-7.180000000000007,0,0,0.4
CJ제일제당,2022,11013,151.29,6.24,6979894271000.0,-7.140403473302448,-1.8600000000000136,0,0,0.4
CJ제일제당,2022,11014,153.35,6.04,8011935142000.0,14.785909799349174,2.0600000000000023,0,0,0.4
CJ제일제당,2023,11011,151.33,4.45,29023472909000.0,262.25296878470414,-2.019999999999982,0,0,0.4
CJ제일제당,2023,11012,154.19,4.77,7219425483000.0,-75.12556300331205,2.859999999999985,0,0,0.4
CJ제일제당,2023,11013,159.46,3.57,7071159309000.0,-2.0537115363145064,5.27000000000001,0,0,0.4
CJ제일제당,2023,11014,150.43,5.32,7443449063000.0,5.264904066383558,-9.03,0,0,0.4
CJ제일제당,2024,11011,146.27,5.29,29359081823000.0,294.4284642040278,-4.159999999999997,0,0,0.4
CJ제일제당,2024,11012,149.65,5.3,7238674606000.0,-75.34434268196631,3.3799999999999955,0,0,0.4
CJ제일제당,2024,11013,156.5,5.21,7215960546000.0,-0.3137875541632029,6.849999999999994,0,0,0.4
CJ제일제당,2024,11014,141.4,5.61,7414278491000.0,2.748323577100664,-15.099999999999994,0,0,0.4
CJ제일제당,2025,11011,157.5,4.51,27342589100000.0,268.78287122867664,16.099999999999994,0,0,0.4
CJ제일제당,2025,11012,150.71,4.88,7237175773000.0,-73.53149057489951,-6.789999999999992,0,0,0.4
CJ제일제당,2025,11013,147.11,4.62,7208471055000.0,-0.3966287250765643,-3.5999999999999943,0,0,0.4
DB하이텍,2016,11011,188.6,22.3,773140180180.0,15.983497587216512,-98.97,0,1,0.2
DB하이텍,2016,11012,218.26,23.27,190050596295.0,-75.41835217376065,29.66,1,1,0.2
DB하이텍,2016,11013,259.74,22.14,183876312686.0,-3.248757819952408,41.48000000000002,1,0,0.2
DB하이텍,2016,11014,195.3,23.1,198216789056.0,7.798979738346601,-64.44,0,0,0.2
DB하이텍,2017,11011,118.07,21.07,679737743507.0,242.9264225014568,-77.23000000000002,0,0,0.2
DB하이텍,2017,11012,144.92,25.8,174683070682.0,-74.3014019229313,26.849999999999994,0,0,0.2
DB하이텍,2017,11013,175.51,27.16,190460700050.0,9.032145648917655,30.590000000000003,0,0,0.2
DB하이텍,2017,11014,142.88,20.16,163900331161.0,-13.945327766844995,-32.629999999999995,0,0,0.2
DB하이텍,2018,11011,91.0,16.88,669279136472.0,308.34520084926754,-51.88,0,0,0.2
DB하이텍,2018,11012,106.42,19.47,174061145558.0,-73.99274292703399,15.420000000000002,0,0,0.2
DB하이텍,2018,11013,116.8,9.16,138444868559.0,-20.46193415815023,10.379999999999995,0,0,0.2
DB하이텍,2018,11014,96.04,22.11,183739992151.0,32.71708374853699,-20.75999999999999,0,0,0.2
DB하이텍,2019,11011,68.91,22.45,807416422918.0,339.43423174550605,-27.13000000000001,0,0,0.2
DB하이텍,2019,11012,91.96,23.09,213485073675.0,-73.55948335761295,23.05,0,0,0.2
DB하이텍,2019,11013,93.81,14.02,159579694843.0,-25.25018630298393,1.8500000000000083,0,0,0.2
DB하이텍,2019,11014,75.66,27.79,222319992294.0,39.31596530042627,-18.15000000000001,0,0,0.2
DB하이텍,2020,11011,48.33,25.57,935919766484.0,320.9786788973628,-27.33,0,0,0.2
DB하이텍,2020,11012,52.24,31.89,241651066681.0,-74.18036509808759,3.910000000000004,0,0,0.2
DB하이텍,2020,11013,67.55,28.67,225803046210.0,-6.558224918543698,15.309999999999995,0,0,0.2
DB하이텍,2020,11014,48.09,27.89,240646806647.0,6.5737644757879465,-19.459999999999997,0,0,0.2
DB하이텍,2021,11011,40.13,32.86,1214682040178.0,404.7571821552541,-7.960000000000001,0,0,0.2
DB하이텍,2021,11012,40.69,29.63,274650520717.0,-77.3891017046113,0.5599999999999952,0,0,0.2
DB하이텍,2021,11013,44.39,24.86,243736208590.0,-11.255872388770792,3.700000000000003,0,0,0.2
DB하이텍,2021,11014,38.95,36.23,328439857760.0,34.75218132751212,-5.439999999999998,0,0,0.2
DB하이텍,2022,11011,29.57,45.89,1675287533666.0,410.0743695030395,-9.380000000000004,0,0,0.2
DB하이텍,2022,11012,30.68,48.93,435741782862.0,-73.99003012286049,1.1099999999999994,0,0,0.2
DB하이텍,2022,11013,35.37,45.96,395024842725.0,-9.344281805973864,4.689999999999998,0,0,0.2
DB하이텍,2022,11014,30.27,49.25,447380224871.0,13.253693561355997,-5.099999999999998,0,0,0.2
DB하이텍,2023,11011,17.43,23.0,1154223638940.0,157.996123827962,-12.84,0,0,0.2
DB하이텍,2023,11012,18.34,29.12,308817373901.0,-73.24458073093984,0.91,0,0,0.2
DB하이텍,2023,11013,26.46,27.83,298167417121.0,-3.448626171989322,8.120000000000001,0,0,0.2
DB하이텍,2023,11014,17.93,18.78,267801570379.0,-10.184159971334882,-8.530000000000001,0,0,0.2
DB하이텍,2024,11011,19.8,16.87,1131167709804.0,322.3902452114605,1.870000000000001,0,0,0.2
DB하이텍,2024,11012,19.43,22.61,298387736089.0,-73.6212646893269,-0.370000000000001,0,0,0.2
DB하이텍,2024,11013,19.36,15.69,261498168765.0,-12.362963641708436,-0.0700000000000002,0,0,0.2
DB하이텍,2024,11014,19.17,16.35,287793117958.0,10.055500318486144,-0.1899999999999977,0,0,0.2
DB하이텍,2025,11011,33.36,19.85,1397233307039.0,385.4992075393928,14.189999999999998,0,0,0.2
DB하이텍,2025,11012,19.01,21.89,337406491433.0,-75.85181445838649,-14.349999999999998,0,0,0.2
DB하이텍,2025,11013,22.52,17.65,297380601926.0,-11.862809555621157,3.509999999999998,0,0,0.2
DL이앤씨,2021,11012,100.29,11.91,1922319370112.0,-74.81122504608831,6.800000000000011,0,0,0.2
DL이앤씨,2021,11013,103.55,11.75,1699609230406.0,-11.58549110874455,3.259999999999991,0,0,0.2
DL이앤씨,2021,11014,87.44,14.33,1806797569304.0,6.306646079604716,-16.11,0,0,0.2
DL이앤씨,2022,11011,91.26,6.63,7496823679468.0,314.9232767872201,3.820000000000008,0,0,0.2
DL이앤씨,2022,11012,92.57,7.17,1876952458221.0,-74.96336397291132,1.309999999999988,0,0,0.2
DL이앤씨,2022,11013,89.41,8.3,1514742334024.0,-19.297778300698543,-3.1599999999999966,0,0,0.2
DL이앤씨,2022,11014,88.64,6.29,1848874571007.0,22.058684799239646,-0.769999999999996,0,0,0.2
DL이앤씨,2023,11011,95.94,4.14,7991063616680.0,332.21231672452626,7.299999999999997,0,0,0.2
DL이앤씨,2023,11012,88.53,3.65,1970578742239.0,-75.340219565694,-7.409999999999997,0,0,0.2
DL이앤씨,2023,11013,92.43,4.87,1850068896513.0,-6.115454467405601,3.9000000000000057,0,0,0.2
DL이앤씨,2023,11014,90.95,4.38,1837421186864.0,-0.6836345215488149,-1.480000000000004,0,0,0.2
DL이앤씨,2024,11011,100.43,3.26,8318442435057.0,352.7237682098582,9.480000000000004,0,0,0.2
DL이앤씨,2024,11012,103.32,1.57,2070221320140.0,-75.11287315741562,2.8899999999999864,0,0,0.2
DL이앤씨,2024,11013,102.31,3.22,1890537605313.0,-8.679444708590323,-1.009999999999991,0,0,0.2
DL이앤씨,2024,11014,104.17,4.34,1918868748408.0,1.4985760143242155,1.8599999999999997,0,0,0.2
DL이앤씨,2025,11011,84.38,5.23,7402425126660.0,285.7702686961504,-19.790000000000006,0,0,0.2
DL이앤씨,2025,11012,96.04,6.34,1991446059297.0,-73.0973832869344,11.66000000000001,0,0,0.2
DL이앤씨,2025,11013,102.85,4.48,1808165128969.0,-9.20340922478714,6.809999999999988,0,0,0.2
GS건설,2016,11011,298.92,1.3,11035596402664.0,4.379009547653889,10.470000000000027,1,1,0.2
GS건설,2016,11012,286.86,0.84,2706389979285.0,-75.47581589127638,-12.060000000000002,1,1,0.2
GS건설,2016,11013,274.79,1.1,2639120795187.0,-2.4855687692049377,-12.069999999999991,1,1,0.2
GS건설,2016,11014,282.27,1.49,2574678816123.0,-2.441797252385103,7.479999999999961,1,1,0.2
GS건설,2017,11011,322.77,2.73,11679456006382.0,353.62768875261673,40.5,1,1,0.2
GS건설,2017,11012,299.79,2.87,2994442745340.0,-74.36145361818438,-22.97999999999996,1,1,0.2
GS건설,2017,11013,307.12,2.18,2700858851617.0,-9.8042914388622,7.329999999999984,1,1,0.2
GS건설,2017,11014,306.69,2.52,2820340828519.0,4.423851206828755,-0.4300000000000068,1,1,0.2
GS건설,2018,11011,231.98,8.1,13139372923261.0,365.8789033721384,-74.71000000000001,1,1,0.2
GS건설,2018,11012,277.06,6.12,3581867647367.0,-72.73943232841866,45.08000000000001,1,1,0.2
GS건설,2018,11013,304.3,12.46,3127494960973.0,-12.685356666598368,27.24000000000001,1,1,0.2
GS건설,2018,11014,249.35,7.3,3197321123635.0,2.2326546815690573,-54.95000000000002,1,1,0.2
GS건설,2019,11011,217.91,7.37,10416589201821.0,225.7911482465825,-31.44,1,1,0.2
GS건설,2019,11012,233.75,8.0,2574967605043.0,-75.28012715915828,15.840000000000003,1,1,0.2
GS건설,2019,11013,247.9,7.36,2601905243886.0,1.0461350577865014,14.150000000000006,1,1,0.2
GS건설,2019,11014,234.62,7.69,2441608705899.0,-6.160736958567858,-13.28,1,1,0.2
GS건설,2020,11011,219.35,7.41,10122930837450.0,314.6008659369822,-15.27000000000001,1,1,0.2
GS건설,2020,11012,226.77,6.48,2547368463567.0,-74.83566267050887,7.420000000000016,1,1,0.2
GS건설,2020,11013,241.38,7.01,2441472795054.0,-4.157061297866493,14.609999999999983,1,1,0.2
GS건설,2020,11014,218.5,9.04,2316771147101.0,-5.107640281948822,-22.879999999999995,1,1,0.2
GS건설,2021,11011,211.61,7.15,9036575422803.0,290.05041279586726,-6.889999999999986,1,1,0.2
GS건설,2021,11012,211.86,5.6,2231672610560.0,-75.30400061810394,0.25,1,1,0.2
GS건설,2021,11013,219.2,8.77,2014136425954.0,-9.747674617533308,7.339999999999975,1,1,0.2
GS건설,2021,11014,205.61,7.01,2171662409306.0,7.821018542842117,-13.589999999999977,1,1,0.2
GS건설,2022,11011,216.39,4.51,12299196214752.0,466.3493626839756,10.779999999999973,1,1,0.2
GS건설,2022,11012,210.66,5.39,3047873065461.0,-75.21892477977305,-5.72999999999999,1,1,0.2
GS건설,2022,11013,217.8,6.45,2375894726449.0,-22.047451602462363,7.140000000000015,1,1,0.2
GS건설,2022,11014,214.53,4.24,2953054618211.0,24.292317556705044,-3.2700000000000102,1,1,0.2
GS건설,2023,11011,262.47,-2.89,13436684904471.0,355.0096981481204,47.940000000000026,1,1,0.2
GS건설,2023,11012,244.8,-11.84,3495056912503.0,-73.98869633878193,-17.670000000000016,1,1,0.2
GS건설,2023,11013,236.68,4.52,3512681540297.0,0.5042729842524407,-8.120000000000005,1,1,0.2
GS건설,2023,11014,250.3,1.94,3107516808054.0,-11.534342854454804,13.620000000000005,1,1,0.2
GS건설,2024,11011,249.97,2.22,12863811468386.0,313.95790475037273,-0.3300000000000125,1,1,0.2
GS건설,2024,11012,251.49,2.83,3297187514259.0,-74.36850250517008,1.5200000000000102,1,1,0.2
GS건설,2024,11013,259.71,2.3,3070913777436.0,-6.862628705357454,8.21999999999997,1,1,0.2
GS건설,2024,11014,238.42,2.63,3109249477665.0,1.2483483095708348,-21.289999999999992,1,1,0.2
GS건설,2025,11011,234.2,3.52,12450347000000.0,300.4293347779228,-4.219999999999999,1,1,0.2
GS건설,2025,11012,253.16,5.07,3196053298560.0,-74.32960464025622,18.960000000000008,1,1,0.2
GS건설,2025,11013,256.03,2.3,3062935006761.0,-4.165083600419839,2.869999999999976,1,1,0.2
GS리테일,2016,11011,100.27,2.95,7402005717696.0,17.995185711744544,-19.070000000000007,0,0,0.2
GS리테일,2016,11012,127.13,3.67,1850902156476.0,-74.99458623692978,26.86,0,0,0.2
GS리테일,2016,11013,129.95,1.61,1640297197487.0,-11.378503085758918,2.819999999999993,0,0,0.2
GS리테일,2016,11014,126.02,4.29,1987300190256.0,21.15488542567909,-3.9299999999999926,0,0,0.2
GS리테일,2017,11011,112.77,2.0,8266567147681.0,315.9697255710582,-13.25,0,0,0.2
GS리테일,2017,11012,114.11,2.54,2088384143259.0,-74.736984458599,1.3400000000000034,0,0,0.2
GS리테일,2017,11013,109.25,1.41,1845797178275.0,-11.616012588825452,-4.859999999999999,0,0,0.2
GS리테일,2017,11014,122.61,2.46,2259257315496.0,22.40008501949284,13.36,0,0,0.2
GS리테일,2018,11011,107.41,2.07,8691612313033.0,284.7110399252966,-15.200000000000005,0,0,0.2
GS리테일,2018,11012,113.17,2.53,2198891601361.0,-74.70099307048268,5.760000000000005,0,0,0.2
GS리테일,2018,11013,117.25,1.08,1994792508651.0,-9.281907875025452,4.079999999999998,0,0,0.2
GS리테일,2018,11014,115.31,3.34,2325401631824.0,16.57360962301677,-1.9399999999999975,0,0,0.2
GS리테일,2019,11011,176.57,2.65,9006928792999.0,287.32787789153394,61.25999999999999,0,0,0.2
GS리테일,2019,11012,172.91,3.34,2307725428371.0,-74.37833159994811,-3.6599999999999966,0,0,0.2
GS리테일,2019,11013,178.24,1.03,2082757198807.0,-9.748483368006344,5.3300000000000125,0,0,0.2
GS리테일,2019,11014,167.38,3.81,2375612941871.0,14.060964150393884,-10.860000000000014,0,0,0.2
GS리테일,2020,11011,169.11,2.85,8862318939407.0,273.05399306450823,1.7300000000000182,0,0,0.2
GS리테일,2020,11012,180.29,2.68,2210715548209.0,-75.05488616101505,11.179999999999978,0,0,0.2
GS리테일,2020,11013,180.01,4.14,2141890677232.0,-3.113239558692127,-0.2800000000000011,0,0,0.2
GS리테일,2020,11014,189.42,3.36,2348767653227.0,9.65861508218293,9.409999999999997,0,0,0.2
GS리테일,2021,11011,114.21,2.13,9765695333837.0,315.779539556405,-75.21,0,0,0.2
GS리테일,2021,11012,173.39,1.87,2285577311166.0,-76.59585689462644,59.17999999999999,0,0,0.2
GS리테일,2021,11013,173.8,1.79,2100136802469.0,-8.113508468562658,0.410000000000025,0,0,0.2
GS리테일,2021,11014,113.46,3.76,2725438222178.0,29.774318462200757,-60.34000000000002,0,0,0.2
GS리테일,2022,11011,122.45,2.18,11226428523558.0,311.9127864357365,8.990000000000009,0,0,0.2
GS리테일,2022,11012,123.29,1.68,2816862019740.0,-74.90865404051715,0.8400000000000034,0,0,0.2
GS리테일,2022,11013,123.41,1.05,2598472164402.0,-7.752948273915017,0.1199999999999903,0,0,0.2
GS리테일,2022,11014,121.31,2.96,2955989753958.0,13.758761569734856,-2.0999999999999943,0,0,0.2
GS리테일,2023,11011,126.49,3.39,11612547920738.0,292.8480437115546,5.179999999999993,0,0,0.2
GS리테일,2023,11012,125.26,3.29,2957767404281.0,-74.52955695451693,-1.2299999999999898,0,0,0.2
GS리테일,2023,11013,124.56,1.72,2700244361762.0,-8.706669839767233,-0.7000000000000028,0,0,0.2
GS리테일,2023,11014,122.37,4.1,3090217971652.0,14.44215995457274,-2.1899999999999977,0,0,0.2
GS리테일,2024,11011,138.3,2.06,11626920274913.0,276.24919606228826,15.930000000000009,0,0,0.2
GS리테일,2024,11012,122.38,2.76,2937050430450.0,-74.7392227605863,-15.920000000000016,0,0,0.2
GS리테일,2024,11013,125.23,2.63,2810377406345.0,-4.312933233686145,2.8500000000000085,0,0,0.2
GS리테일,2024,11014,121.06,2.64,3054711033750.0,8.69397920910433,-4.170000000000002,0,0,0.2
GS리테일,2025,11011,128.42,2.44,11957421688837.0,291.4419909682235,7.359999999999985,0,0,0.2
GS리테일,2025,11012,136.09,2.83,2980562190769.0,-75.07353785514196,7.670000000000016,0,0,0.2
GS리테일,2025,11013,147.47,1.4,2761296550528.0,-7.356519549234042,11.379999999999995,0,0,0.2
HD한국조선해양,2016,11011,175.2,3.94,39320377292000.0,-15.107122979901922,-45.48000000000002,0,0,0.2
HD한국조선해양,2016,11012,182.31,5.65,9862659425000.0,-74.91718008767269,7.110000000000014,0,1,0.2
HD한국조선해양,2016,11013,218.7,3.17,10272794902000.0,4.15846740038881,36.38999999999999,1,0,0.2
HD한국조선해양,2016,11014,168.48,3.64,8839172079000.0,-13.955528526330152,-50.22,0,0,0.2
HD한국조선해양,2017,11011,145.79,0.09,15468835510000.0,75.00321717630858,-22.69,0,0,0.2
HD한국조선해양,2017,11012,160.06,3.28,4629216857000.0,-70.07391504029252,14.27000000000001,0,1,0.2
HD한국조선해양,2017,11013,351.24,3.4,4807789820000.0,3.857519932987663,191.18,1,0,0.2
HD한국조선해양,2017,11014,144.21,2.46,3804374183000.0,-20.870621939958266,-207.03,0,1,0.2
HD한국조선해양,2018,11011,88.62,-3.98,13119891213000.0,244.86332263600053,-55.59,1,1,0.2
HD한국조선해양,2018,11012,129.69,-5.62,3124413872000.0,-76.18567241697754,41.06999999999999,1,1,0.2
HD한국조선해양,2018,11013,131.1,-4.07,3042532194000.0,-2.6207052379903173,1.4099999999999966,1,0,0.2
HD한국조선해양,2018,11014,118.99,0.89,3241886979000.0,6.552265425264392,-12.11,0,0,0.2
HD한국조선해양,2019,11011,93.83,1.91,15182553166000.0,368.32456727665584,-25.16,0,0,0.2
HD한국조선해양,2019,11012,86.22,1.41,3922920781000.0,-74.16165293077954,-7.609999999999999,0,0,0.2
HD한국조선해양,2019,11013,86.81,0.86,3268529911000.0,-16.681215515985713,0.5900000000000034,0,0,0.2
HD한국조선해양,2019,11014,85.94,0.83,3642733346000.0,11.44867708692663,-0.8700000000000045,0,0,0.2
HD한국조선해양,2020,11011,103.23,0.5,14903657734000.0,309.1339200099661,17.290000000000006,0,1,0.2
HD한국조선해양,2021,11011,119.86,-8.94,15493381773000.0,3.956908092800937,16.629999999999995,1,1,0.2
HD한국조선해양,2021,11012,114.64,-23.63,3797278377000.0,-75.49096489949379,-5.219999999999999,1,0,0.2
HD한국조선해양,2021,11013,96.87,1.83,3681489039000.0,-3.049271781108609,-17.769999999999996,0,0,0.2
HD한국조선해양,2021,11014,107.68,3.98,3557965678000.0,-3.3552554330992246,10.810000000000002,0,1,0.2
HD한국조선해양,2022,11011,142.72,-2.06,17302020185000.0,386.289687727561,35.03999999999999,1,1,0.2
HD한국조선해양,2022,11012,145.14,-6.33,4188606445000.0,-75.79122899977128,2.4199999999999875,1,1,0.2
HD한국조선해양,2022,11013,129.62,-10.14,3907727921000.0,-6.70577500388676,-15.519999999999982,1,0,0.2
HD한국조선해양,2022,11014,164.64,4.43,4264415329000.0,9.127744183088438,35.01999999999998,0,0,0.2
HD한국조선해양,2023,11011,160.65,1.33,21296205574000.0,399.3933266578407,-3.9899999999999807,0,0,0.2
HD한국조선해양,2023,11012,157.42,1.31,5453640001000.0,-74.39149438124221,-3.230000000000018,0,1,0.2
HD한국조선해양,2023,11013,148.22,-0.39,4842359485000.0,-11.208670097181203,-9.199999999999989,1,0,0.2
HD한국조선해양,2023,11014,163.38,1.38,5011205861000.0,3.486861653353679,15.159999999999997,0,0,0.2
HD한국조선해양,2024,11011,159.39,5.62,25538577356000.0,409.6293799214169,-3.990000000000009,0,0,0.2
HD한국조선해양,2024,11012,150.74,5.69,6615483679000.0,-74.09611511721201,-8.649999999999977,0,0,0.2
HD한국조선해양,2024,11013,158.87,2.9,5515625997000.0,-16.625506695623127,8.129999999999995,0,0,0.2
HD한국조선해양,2024,11014,135.98,6.38,6245755748000.0,13.237477512019936,-22.89000000000001,0,0,0.2
HD한국조선해양,2025,11011,133.86,13.04,29933215227000.0,379.2568975593568,-2.119999999999976,0,0,0.2
HD한국조선해양,2025,11012,143.53,12.84,7428417053000.0,-75.18336404336708,9.669999999999987,0,0,0.2
HD한국조선해양,2025,11013,172.87,12.69,6771705878000.0,-8.840526458255116,29.340000000000003,0,0,0.2
HD현대중공업,2021,11011,169.55,-9.63,8311275924000.0,-0.0088293808071404,12.130000000000024,1,1,0.2
HD현대중공업,2021,11012,173.44,-21.71,1946710998000.0,-76.57747118732283,3.8899999999999855,1,0,0.2
HD현대중공업,2021,11013,146.72,1.43,1988211707000.0,2.131837188089891,-26.72,0,0,0.2
HD현대중공업,2021,11014,144.13,3.93,1900486492000.0,-4.412267299862549,-2.5900000000000034,0,1,0.2
HD현대중공업,2022,11011,208.06,-3.2,9045480488000.0,375.9560526252874,63.93000000000001,1,1,0.2
HD현대중공업,2022,11012,201.25,-5.0,2166032390000.0,-76.053981954043,-6.810000000000002,1,1,0.2
HD현대중공업,2022,11013,176.24,-10.86,2001636464000.0,-7.58972611669948,-25.00999999999999,1,1,0.2
HD현대중공업,2022,11014,228.61,0.65,2203563727000.0,10.088108736612234,52.370000000000005,1,1,0.2
HD현대중공업,2023,11011,229.02,1.49,11963925991000.0,442.9353299116091,0.4099999999999966,1,1,0.2
HD현대중공업,2023,11012,225.99,2.24,3064397813000.0,-74.38635264623645,-3.030000000000001,1,1,0.2
HD현대중공업,2023,11013,222.66,-1.58,2632890261000.0,-14.081316406421806,-3.3300000000000125,1,1,0.2
HD현대중공업,2023,11014,240.27,0.45,2853526385000.0,8.379996966383253,17.610000000000014,1,1,0.2
HD현대중공업,2024,11011,239.93,4.87,14486453544000.0,407.6684631391624,-0.3400000000000034,1,1,0.2
HD현대중공업,2024,11012,228.82,5.04,3883982539000.0,-73.1888655342517,-11.110000000000014,1,1,0.2
HD현대중공업,2024,11013,233.24,0.71,2987745013000.0,-23.075220266843743,4.420000000000016,1,1,0.2
HD현대중공업,2024,11014,208.69,5.71,3609175683000.0,20.7993208020125,-24.55000000000001,1,0,0.2
HD현대중공업,2025,11011,180.07,11.59,17580633257000.0,387.1093790143992,-28.620000000000005,0,1,0.2
HD현대중공업,2025,11012,219.3,11.37,4147124837000.0,-76.41083357820027,39.23000000000002,1,1,0.2
HD현대중공업,2025,11013,260.05,11.35,3822515741000.0,-7.827328782193588,40.75,1,1,0.2
HMM,2016,11011,362.31,-18.18,4584810000000.0,-20.52100854612252,-2136.81,1,1,-0.8
HMM,2016,11012,2128.77,-25.01,1016822000000.0,-77.82193809558085,1766.46,1,1,-0.8
HMM,2016,11013,11811.19,-13.35,1221362000000.0,20.1156151224108,9682.42,1,1,-0.8
HMM,2016,11014,186.37,-21.36,1078441000000.0,-11.70177228372915,-11624.82,1,1,-0.8
HMM,2017,11011,301.64,-8.09,5028016000000.0,366.2300487462921,115.26999999999998,1,1,-0.8
HMM,2017,11012,387.43,-10.31,1241955000000.0,-75.29930294573445,85.79000000000002,1,1,-0.8
HMM,2017,11013,411.36,-10.08,1302482000000.0,4.873526013422391,23.930000000000007,1,1,-0.8
HMM,2017,11014,441.44,-2.27,1295588000000.0,-0.5292971419182724,30.079999999999984,1,1,-0.8
HMM,2018,11011,296.42,-10.7,5222124000000.0,303.0698030546748,-145.01999999999998,1,1,-0.8
HMM,2018,11012,583.25,-16.13,1238839000000.0,-76.27710487150439,286.83,1,1,-0.8
HMM,2018,11013,353.92,-15.3,1111973000000.0,-10.240717316778047,-229.33,1,1,-0.8
HMM,2018,11014,915.66,-8.63,1425847000000.0,28.2267644987783,561.74,1,1,-0.8
HMM,2019,11011,556.71,-5.44,5513089000000.0,286.6536171131966,-358.94999999999993,1,1,-0.8
HMM,2019,11012,653.41,-8.08,1396973000000.0,-74.66079361316315,96.69999999999992,1,1,-0.8
HMM,2019,11013,625.16,-8.03,1315928000000.0,-5.801472183070111,-28.25,1,1,-0.8
HMM,2019,11014,858.31,-3.22,1447716000000.0,10.014833638314569,233.15,1,1,-0.8
HMM,2020,11011,455.11,15.29,6413270000000.0,342.99227196494337,-403.19999999999993,1,1,-0.8
HMM,2020,11012,387.86,10.09,1375147000000.0,-78.55778721307539,-67.25,1,1,-0.8
HMM,2020,11013,596.78,-0.15,1313107000000.0,-4.511517677746458,208.92,1,1,-0.8
HMM,2020,11014,438.54,16.12,1718484000000.0,30.87158929165712,-158.23999999999995,1,0,-0.8
HMM,2021,11011,72.58,53.48,13794148000000.0,702.6928385716714,-365.96,0,0,-0.8
HMM,2021,11012,140.83,47.78,2906707000000.0,-78.92797003482926,68.25000000000001,0,1,-0.8
HMM,2021,11013,401.5,41.98,2428039000000.0,-16.467707271493136,260.67,1,0,-0.8
HMM,2021,11014,99.85,56.54,4016361000000.0,65.41583557759986,-301.65,0,0,-0.8
HMM,2022,11011,25.55,53.55,18582770000000.0,362.6767862749389,-74.3,0,0,-0.8
HMM,2022,11012,45.66,58.34,5034034000000.0,-72.91020660536616,20.11,0,0,-0.8
HMM,2022,11013,59.71,64.01,4918670000000.0,-2.2916809858654075,14.050000000000004,0,0,-0.8
HMM,2022,11014,36.85,50.94,5106233000000.0,3.81328692512406,-22.86,0,0,-0.8
HMM,2023,11011,19.93,6.96,8400969000000.0,64.52380845135738,-16.92,0,0,-0.8
HMM,2023,11012,24.03,7.52,2129988000000.0,-74.64592477367789,4.100000000000001,0,0,-0.8
HMM,2023,11013,28.43,14.74,2081561000000.0,-2.2735808840237626,4.399999999999999,0,0,-0.8
HMM,2023,11014,20.19,3.57,2126599000000.0,2.1636646728104614,-8.239999999999998,0,0,-0.8
HMM,2024,11011,21.51,30.02,11700224000000.0,450.184778606592,1.3200000000000005,0,0,-0.8
HMM,2024,11012,22.74,24.19,2663432000000.0,-77.23605975406966,1.2299999999999969,0,0,-0.8
HMM,2024,11013,23.26,17.47,2329865000000.0,-12.52395405627026,0.5200000000000031,0,0,-0.8
HMM,2024,11014,22.49,41.14,3551980000000.0,52.45432675283761,-0.7700000000000031,0,0,-0.8
HMM,2025,11011,26.31,13.42,10891443000000.0,206.6301893591743,3.82,0,0,-0.8
HMM,2025,11012,22.17,8.89,2622747000000.0,-75.91919638196701,-4.139999999999997,0,0,-0.8
HMM,2025,11013,22.58,21.5,2854682000000.0,8.843209047613065,0.4099999999999966,0,0,-0.8
HPSP,2022,11014,38.76,60.15,47555599357.0,-70.15394951085574,5.210000000000001,0,0,0.2
HPSP,2023,11011,15.74,53.16,179086660832.0,276.5837530247406,-23.02,0,0,0.2
HPSP,2023,11012,24.66,55.51,47903682051.0,-73.25111662228258,8.92,0,0,0.2
HPSP,2023,11013,28.99,59.42,58757857704.0,22.658332696522688,4.329999999999998,0,0,0.2
HPSP,2023,11014,16.4,51.46,41948944138.0,-28.607090562554184,-12.59,0,0,0.2
HPSP,2024,11012,13.56,44.13,27309098221.0,-34.89920001046774,-2.839999999999998,0,0,0.2
HPSP,2024,11013,20.53,52.91,37753002044.0,38.24331268093248,6.970000000000001,0,0,0.2
HPSP,2024,11014,19.86,52.62,49721353095.0,31.701720136192723,-0.6700000000000017,0,0,0.2
HPSP,2025,11011,19.94,51.98,172964572189.0,247.8677900388704,0.0800000000000018,0,0,0.2
HPSP,2025,11012,11.18,55.78,51346984517.0,-70.31358279492481,-8.760000000000002,0,0,0.2
HPSP,2025,11013,39.92,50.7,36895112050.0,-28.14551351543393,28.74,0,0,0.2
JYP Ent.,2016,11011,29.13,18.75,73645282523.0,45.667678641436325,3.16,0,0,0.4
JYP Ent.,2016,11012,27.43,21.28,17936870587.0,-75.64423684382204,-1.6999999999999993,0,0,0.4
JYP Ent.,2016,11013,28.58,6.2,10982910533.0,-38.76908193249709,1.1499999999999986,0,0,0.4
JYP Ent.,2016,11014,22.14,18.85,19017845764.0,73.15852393459537,-6.439999999999998,0,0,0.4
JYP Ent.,2017,11011,45.09,19.04,102241863796.0,437.61012190739103,22.950000000000003,0,0,0.4
JYP Ent.,2017,11012,32.94,24.29,28527157554.0,-72.09835922893645,-12.150000000000006,0,0,0.4
JYP Ent.,2017,11013,28.29,17.39,21917827686.0,-23.16855387883977,-4.649999999999999,0,0,0.4
JYP Ent.,2017,11014,29.92,6.33,17477280589.0,-20.259978135681745,1.6300000000000026,0,0,0.4
JYP Ent.,2018,11011,24.52,23.03,124821138131.0,614.1908461981265,-5.400000000000002,0,0,0.4
JYP Ent.,2018,11012,26.97,28.73,31561933851.0,-74.71427169821534,2.4499999999999997,0,0,0.4
JYP Ent.,2018,11013,39.31,5.95,23015273447.0,-27.07901373961345,12.340000000000003,0,0,0.4
JYP Ent.,2018,11014,24.54,24.95,33894812814.0,47.2709541863737,-14.770000000000003,0,0,0.4
JYP Ent.,2019,11011,28.02,27.96,155435844908.0,358.58298660908486,3.4800000000000004,0,0,0.4
JYP Ent.,2019,11012,22.55,24.06,39163044723.0,-74.80436719974084,-5.469999999999999,0,0,0.4
JYP Ent.,2019,11013,22.77,21.95,26359553984.0,-32.692786859548384,0.2199999999999988,0,0,0.4
JYP Ent.,2019,11014,23.52,32.38,45573485302.0,72.8917163380787,0.75,0,0,0.4
JYP Ent.,2020,11011,20.24,30.57,144399021991.0,216.8487576364124,-3.280000000000001,0,0,0.4
JYP Ent.,2020,11012,22.59,26.53,34134009875.0,-76.36132890351053,2.3500000000000014,0,0,0.4
JYP Ent.,2020,11013,27.78,39.57,33972796731.0,-0.4722947716672254,5.190000000000001,0,0,0.4
JYP Ent.,2020,11014,20.46,32.15,34595723814.0,1.833605540139649,-7.32,0,0,0.4
JYP Ent.,2021,11011,26.64,29.86,193899561773.0,460.4726260837295,6.18,0,0,0.4
JYP Ent.,2021,11012,25.61,23.67,40554627773.0,-79.08472437886287,-1.0300000000000011,0,0,0.4
JYP Ent.,2021,11013,19.62,42.63,32316773917.0,-20.312981053877422,-5.989999999999998,0,0,0.4
JYP Ent.,2021,11014,25.82,31.83,57256066888.0,77.1713570019465,6.199999999999999,0,0,0.4
JYP Ent.,2022,11011,35.02,27.94,345892110215.0,504.1143393443494,9.200000000000005,0,0,0.4
JYP Ent.,2022,11012,25.57,35.82,67759735462.0,-80.41015291737014,-9.450000000000005,0,0,0.4
JYP Ent.,2022,11013,30.67,28.28,67787856747.0,0.0415014681038217,5.100000000000001,0,0,0.4
JYP Ent.,2022,11014,29.15,28.91,95135678862.0,40.34324645646847,-1.5200000000000031,0,0,0.4
JYP Ent.,2023,11011,43.59,29.91,566500542871.0,495.4659173586631,14.440000000000005,0,0,0.4
JYP Ent.,2023,11012,35.15,30.11,151731942197.0,-73.21592289602599,-8.440000000000005,0,0,0.4
JYP Ent.,2023,11013,35.58,35.6,118047788606.0,-22.19977751768737,0.4299999999999997,0,0,0.4
JYP Ent.,2023,11014,30.1,31.39,139650665948.0,18.300111842079847,-5.479999999999997,0,0,0.4
JYP Ent.,2024,11011,40.57,21.31,601787883332.0,330.9237476576591,10.47,0,0,0.4
JYP Ent.,2024,11012,33.06,9.76,95708169944.0,-84.09602908352363,-7.509999999999998,0,0,0.4
JYP Ent.,2024,11013,42.32,24.62,136502093754.0,42.62324087261205,9.259999999999998,0,0,0.4
JYP Ent.,2024,11014,29.11,28.39,170473312342.0,24.88695788741666,-13.21,0,0,0.4
JYP Ent.,2025,11011,36.19,18.89,821854634614.0,382.10164002985545,7.079999999999998,0,0,0.4
JYP Ent.,2025,11012,37.41,24.51,215832158598.0,-73.73840220547399,1.2199999999999989,0,0,0.4
JYP Ent.,2025,11013,38.23,13.94,140759310563.0,-34.78297605076895,0.8200000000000003,0,0,0.4
LG에너지솔루션,2021,11011,171.83,4.3,17851906000000.0,1121.8395037055086,8.240000000000009,0,0,0.8
LG에너지솔루션,2021,11012,144.29,14.12,5131016000000.0,-71.25788137132247,-27.54000000000002,0,0,0.8
LG에너지솔루션,2021,11013,153.1,8.02,4254116000000.0,-17.09018252915212,8.810000000000002,0,1,0.8
LG에너지솔루션,2021,11014,156.04,-9.26,4027414000000.0,-5.329003722512504,2.9399999999999977,1,0,0.8
LG에너지솔루션,2022,11011,85.98,4.74,25598609000000.0,535.609078182675,-70.05999999999999,0,0,0.8
LG에너지솔루션,2022,11012,83.07,3.86,5070561000000.0,-80.1920448099348,-2.910000000000011,0,0,0.8
LG에너지솔루션,2022,11013,79.92,5.96,4342348000000.0,-14.361586420121952,-3.1499999999999915,0,0,0.8
LG에너지솔루션,2022,11014,88.48,6.82,7648157000000.0,76.12952715903931,8.560000000000002,0,0,0.8
LG에너지솔루션,2023,11011,86.42,6.41,33745470000000.0,341.2235522884794,-2.0600000000000023,0,0,0.8
LG에너지솔루션,2023,11012,83.3,5.25,8773487000000.0,-74.0009933185106,-3.1200000000000045,0,0,0.8
LG에너지솔루션,2023,11013,84.66,7.24,8747117000000.0,-0.3005646443654641,1.3599999999999994,0,0,0.8
LG에너지솔루션,2023,11014,83.11,8.89,8223542000000.0,-5.9856864839009205,-1.5499999999999972,0,0,0.8
LG에너지솔루션,2024,11011,94.75,2.25,25619585000000.0,211.5395409909744,11.64,0,0,0.8
LG에너지솔루션,2024,11012,86.38,3.17,6161866000000.0,-75.94861118944745,-8.370000000000005,0,0,0.8
LG에너지솔루션,2024,11013,84.52,2.57,6128714000000.0,-0.5380188403967257,-1.8599999999999997,0,0,0.8
LG에너지솔루션,2024,11014,98.71,6.52,6877843000000.0,12.223265761789516,14.189999999999998,0,0,0.8
LG에너지솔루션,2025,11011,129.0,5.69,23671759000000.0,244.1741691399469,30.290000000000006,0,0,0.8
LG에너지솔루션,2025,11012,122.55,8.84,5565408000000.0,-76.48925033412178,-6.450000000000003,0,0,0.8
LG에너지솔루션,2025,11013,99.23,5.98,6264995000000.0,12.57027337438692,-23.319999999999997,0,0,0.8
LG화학,2016,11011,45.81,9.64,20659296000000.0,2.240423331347019,4.030000000000001,0,0,0.4
LG화학,2016,11012,47.26,11.73,5219229000000.0,-74.73665607966507,1.4499999999999955,0,0,0.4
LG화학,2016,11013,43.9,9.39,4874092000000.0,-6.612796641036445,-3.3599999999999994,0,0,0.4
LG화학,2016,11014,46.57,9.1,5054278000000.0,3.696811631787011,2.6700000000000017,0,0,0.4
LG화학,2017,11011,53.26,11.4,25698014000000.0,408.4408495140156,6.689999999999998,0,0,0.4
LG화학,2017,11012,45.94,11.39,6382062000000.0,-75.16515478589123,-7.32,0,0,0.4
LG화학,2017,11013,48.74,12.29,6486668000000.0,1.639062735523411,2.8000000000000043,0,0,0.4
LG화학,2017,11014,47.05,12.34,6397083000000.0,-1.3810634365748364,-1.6900000000000048,0,0,0.4
LG화학,2018,11011,67.09,7.97,28183013000000.0,340.5603772844592,20.040000000000006,0,0,0.4
LG화학,2018,11012,61.09,9.97,7051853000000.0,-74.97835664341495,-6.0,0,0,0.4
LG화학,2018,11013,59.99,9.93,6553590000000.0,-7.065703156319336,-1.1000000000000014,0,0,0.4
LG화학,2018,11014,64.68,8.33,7234858000000.0,10.39534056906215,4.690000000000005,0,0,0.4
LG화학,2019,11011,95.73,3.13,28625042000000.0,295.654510427157,31.05,0,0,0.4
LG화학,2019,11012,87.72,3.73,7177444000000.0,-74.9259966151316,-8.010000000000005,0,0,0.4
LG화학,2019,11013,81.47,4.15,6639073000000.0,-7.500873570034128,-6.25,0,0,0.4
LG화학,2019,11014,91.71,5.18,7347303000000.0,10.667603745281903,10.239999999999997,0,0,0.4
LG화학,2020,11011,120.27,5.98,30076510000000.0,309.35442569879046,28.56,0,0,0.4
LG화학,2020,11012,116.21,8.24,6935191000000.0,-76.94150351885907,-4.060000000000002,0,0,0.4
LG화학,2020,11013,113.14,3.32,7115729000000.0,2.603215974873652,-3.069999999999993,0,0,0.4
LG화학,2020,11014,112.63,12.02,7507281000000.0,5.502626645843312,-0.5100000000000051,0,0,0.4
LG화학,2021,11011,120.32,11.78,42654722000000.0,468.1780394259919,7.689999999999998,0,0,0.4
LG화학,2021,11012,117.46,18.68,11456142000000.0,-73.14214824797122,-2.8599999999999994,0,0,0.4
LG화학,2021,11013,127.57,14.59,9650032000000.0,-15.76542958353694,10.11,0,0,0.4
LG화학,2021,11014,119.69,6.85,10610153000000.0,9.949407421654154,-7.8799999999999955,0,0,0.4
LG화학,2022,11011,81.35,5.78,51864888000000.0,388.8231866213428,-38.34,0,0,0.4
LG화학,2022,11012,81.53,7.18,12239911000000.0,-76.40039056866372,0.1800000000000068,0,0,0.4
LG화학,2022,11013,81.5,8.82,11608071000000.0,-5.162129038356566,-0.0300000000000011,0,0,0.4
LG화학,2022,11014,79.9,6.36,14177663000000.0,22.136253301689823,-1.5999999999999943,0,0,0.4
LG화학,2023,11011,89.23,4.58,55249785000000.0,289.6959957363918,9.329999999999998,0,0,0.4
LG화학,2023,11012,83.05,4.23,14541521000000.0,-73.6804025572226,-6.180000000000007,0,0,0.4
LG화학,2023,11013,84.61,5.46,14486266000000.0,-0.3799808837053553,1.5600000000000025,0,0,0.4
LG화학,2023,11014,87.36,6.38,13494826000000.0,-6.843999689084823,2.75,0,0,0.4
LG화학,2024,11011,95.56,1.87,48916104000000.0,262.4804350941613,8.200000000000003,0,0,0.4
LG화학,2024,11012,90.19,3.3,12299672000000.0,-74.85557721440776,-5.3700000000000045,0,0,0.4
LG화학,2024,11013,90.18,2.28,11609432000000.0,-5.611856966592277,-0.0099999999999909,0,0,0.4
LG화학,2024,11014,94.65,3.93,12670398000000.0,9.138827808285544,4.469999999999999,0,0,0.4
LG화학,2025,11011,114.54,2.57,45932167000000.0,262.5155815942009,19.89,0,0,0.4
LG화학,2025,11012,110.71,4.18,11417711000000.0,-75.1422331108393,-3.830000000000013,0,0,0.4
LG화학,2025,11013,97.67,3.67,12171015000000.0,6.597679692540814,-13.039999999999992,0,0,0.4
LX세미콘,2016,11011,27.67,8.3,610043215195.0,13.848653258414734,-5.539999999999999,0,0,0.4
LX세미콘,2016,11012,30.66,7.31,150872910314.0,-75.26848810771979,2.9899999999999984,0,0,0.4
LX세미콘,2016,11013,36.87,9.4,158963220912.0,5.362334816212044,6.209999999999997,0,0,0.4
LX세미콘,2016,11014,29.04,4.88,143090556648.0,-9.985117420832148,-7.829999999999998,0,0,0.4
LX세미콘,2017,11011,32.04,6.57,692761282198.0,384.14185983088976,3.0,0,0,0.4
LX세미콘,2017,11012,29.98,4.22,154225997181.0,-77.7374975847856,-2.0599999999999987,0,0,0.4
LX세미콘,2017,11013,32.5,3.43,158305263029.0,2.6449923635199823,2.52,0,0,0.4
LX세미콘,2017,11014,34.71,8.49,180536269137.0,14.043125087968477,2.210000000000001,0,0,0.4
LX세미콘,2018,11011,36.04,7.05,791818131828.0,338.5922760080572,1.3299999999999983,0,0,0.4
LX세미콘,2018,11012,29.72,5.85,179722787447.0,-77.30251679990076,-6.32,0,0,0.4
LX세미콘,2018,11013,43.82,1.95,162156022628.0,-9.774366995159378,14.1,0,0,0.4
LX세미콘,2018,11014,48.22,9.93,213925475317.0,31.925704546764575,4.399999999999999,0,0,0.4
LX세미콘,2019,11011,33.36,5.45,867122049614.0,305.3383769880971,-14.86,0,0,0.4
LX세미콘,2019,11012,47.54,3.18,196301633006.0,-77.36170668323061,14.18,0,0,0.4
LX세미콘,2019,11013,48.26,0.99,177366380848.0,-9.645998287452471,0.7199999999999989,0,0,0.4
LX세미콘,2019,11014,40.42,5.62,249726398443.0,40.79691836132761,-7.839999999999996,0,0,0.4
LX세미콘,2020,11011,41.02,8.11,1161896286020.0,365.2677062834439,0.6000000000000014,0,0,0.4
LX세미콘,2020,11012,41.86,4.26,219130510361.0,-81.1402693168409,0.8399999999999963,0,0,0.4
LX세미콘,2020,11013,33.68,5.5,212578470789.0,-2.9900170273897686,-8.18,0,0,0.4
LX세미콘,2020,11014,54.42,13.2,367216639437.0,72.74404038849727,20.74,0,0,0.4
LX세미콘,2021,11011,46.51,19.47,1898845716028.0,417.0914147406895,-7.910000000000004,0,0,0.4
LX세미콘,2021,11012,45.21,21.27,449275295664.0,-76.33955766539091,-1.2999999999999972,0,0,0.4
LX세미콘,2021,11013,48.54,14.6,405623574114.0,-9.716029786477698,3.3299999999999983,0,0,0.4
LX세미콘,2021,11014,49.65,25.52,505394416600.0,24.59690433523953,1.1099999999999994,0,0,0.4
LX세미콘,2022,11011,35.7,14.66,2119345363613.0,319.34483128458845,-13.949999999999996,0,0,0.4
LX세미콘,2022,11012,46.83,18.29,599159232237.0,-71.72904225408688,11.129999999999995,0,0,0.4
LX세미콘,2022,11013,65.71,21.86,585084729392.0,-2.34904213900734,18.879999999999995,0,0,0.4
LX세미콘,2022,11014,51.48,12.62,478638916678.0,-18.193230376156777,-14.229999999999997,0,0,0.4
LX세미콘,2023,11011,23.37,6.79,1901444975029.0,297.2608387604596,-28.11,0,0,0.4
LX세미콘,2023,11012,37.46,1.72,454467665509.0,-76.09882634115831,14.09,0,0,0.4
LX세미콘,2023,11013,45.72,7.51,521465160860.0,14.741971857549728,8.259999999999998,0,0,0.4
LX세미콘,2023,11014,40.93,3.62,412765017097.0,-20.845140178441024,-4.789999999999999,0,0,0.4
LX세미콘,2024,11011,38.92,8.96,1865621538499.0,351.9815055113011,-2.009999999999998,0,0,0.4
LX세미콘,2024,11012,35.23,11.56,484883424512.0,-74.00955046316004,-3.690000000000005,0,0,0.4
LX세미콘,2024,11013,39.45,10.09,458321584541.0,-5.477984733698116,4.220000000000006,0,0,0.4
LX세미콘,2024,11014,33.51,8.16,419850482315.0,-8.393910198344257,-5.940000000000005,0,0,0.4
LX세미콘,2025,11011,24.36,6.64,1639070665791.0,290.3938985024815,-9.15,0,0,0.4
LX세미콘,2025,11012,32.62,2.7,378615032141.0,-76.90062789585195,8.259999999999998,0,0,0.4
LX세미콘,2025,11013,46.55,12.53,476232791196.0,25.782853497123213,13.93,0,0,0.4
NAVER,2016,11011,54.27,27.4,4022629619982.0,23.72916768562183,-38.98,0,0,0.4
NAVER,2016,11012,87.06,27.62,987281364295.0,-75.45681662087951,32.79,0,0,0.4
NAVER,2016,11013,89.45,27.4,937280220152.0,-5.064528304826754,2.390000000000001,0,0,0.4
NAVER,2016,11014,41.81,27.87,1013075223770.0,8.086696164964223,-47.64,0,0,0.4
NAVER,2017,11011,51.16,25.2,4678468928032.0,361.80864147696894,9.349999999999994,0,0,0.4
NAVER,2017,11012,45.55,25.25,1129631366847.0,-75.8546784380979,-5.609999999999999,0,0,0.4
NAVER,2017,11013,50.86,26.87,1082247281196.0,-4.194650311743498,5.310000000000002,0,0,0.4
NAVER,2017,11014,48.14,25.99,1200676275220.0,10.942877481117176,-2.719999999999999,0,0,0.4
NAVER,2018,11011,66.09,16.87,5586904533355.0,365.3131446551912,17.950000000000003,0,0,0.4
NAVER,2018,11012,50.07,18.38,1363615953332.0,-75.59263908679799,-16.020000000000003,0,0,0.4
NAVER,2018,11013,55.59,19.63,1309059864248.0,-4.000839748955121,5.520000000000003,0,0,0.4
NAVER,2018,11014,68.73,15.86,1397713834674.0,6.772338901164621,13.14,0,0,0.4
NAVER,2019,11011,89.11,10.77,6593400065244.0,371.7274667873508,20.379999999999995,0,0,0.4
NAVER,2019,11012,82.41,7.87,1630275004395.0,-75.27413795215126,-6.700000000000003,0,0,0.4
NAVER,2019,11013,80.15,13.65,1510861770282.0,-7.324729496010063,-2.259999999999991,0,0,0.4
NAVER,2019,11014,83.4,12.14,1664815000078.0,10.189762744957465,3.25,0,0,0.4
NAVER,2020,11011,106.1,22.91,5304145900386.0,218.60272163198252,22.69999999999999,0,0,0.4
NAVER,2020,11012,84.41,12.12,1902467957491.0,-64.13243539638395,-21.69,0,0,0.4
NAVER,2020,11013,84.65,12.79,1732064462097.0,-8.956970587758562,0.2400000000000091,0,0,0.4
NAVER,2020,11014,108.49,21.44,1360779374259.0,-21.435985551512747,23.83999999999999,0,0,0.4
NAVER,2021,11011,40.22,19.44,6817599707250.0,401.0069843954287,-68.27,0,0,0.4
NAVER,2021,11012,36.24,20.18,1663549112320.0,-75.59919643638007,-3.979999999999997,0,0,0.4
NAVER,2021,11013,35.65,19.27,1499070070645.0,-9.887236899523575,-0.5900000000000034,0,0,0.4
NAVER,2021,11014,36.17,20.25,1727255234995.0,15.22178107737282,0.5200000000000031,0,0,0.4
NAVER,2022,11011,44.56,15.87,8220078708810.0,375.9041132003746,8.39,0,0,0.4
NAVER,2022,11012,43.99,16.43,2045781381874.0,-75.1123869448914,-0.5700000000000003,0,0,0.4
NAVER,2022,11013,42.36,16.36,1845221980257.0,-9.803559822862464,-1.6300000000000026,0,0,0.4
NAVER,2022,11014,41.44,16.05,2057332225258.0,11.495107215851474,-0.9200000000000016,0,0,0.4
NAVER,2023,11011,47.45,15.4,9670643576585.0,370.05745877393485,6.010000000000005,0,0,0.4
NAVER,2023,11012,47.75,15.48,2407904484962.0,-75.10088686556367,0.2999999999999971,0,0,0.4
NAVER,2023,11013,48.29,14.49,2280442537690.0,-5.293480205217172,0.5399999999999991,0,0,0.4
NAVER,2023,11014,49.27,15.55,2445292487206.0,7.228857855062931,0.980000000000004,0,0,0.4
NAVER,2024,11011,41.36,18.43,10737719264647.0,339.1179918487361,-7.910000000000004,0,0,0.4
NAVER,2024,11012,44.95,18.11,2610485920192.0,-75.688636889709,3.5900000000000034,0,0,0.4
NAVER,2024,11013,45.86,17.39,2526055415876.0,-3.2342830759182983,0.9099999999999966,0,0,0.4
NAVER,2024,11014,42.62,19.34,2715557161556.0,7.501883944786036,-3.240000000000002,0,0,0.4
NAVER,2025,11011,41.9,18.35,12035007218975.0,343.1874014421042,-0.7199999999999989,0,0,0.4
NAVER,2025,11012,40.86,17.89,2915085056213.0,-75.77828576939339,-1.0399999999999991,0,0,0.4
NAVER,2025,11013,40.26,18.13,2786783351907.0,-4.401302254716278,-0.6000000000000014,0,0,0.4
POSCO홀딩스,2016,11011,74.01,5.36,53083512926398.0,-8.77921601682986,-4.399999999999992,0,0,0.4
POSCO홀딩스,2016,11012,75.91,5.28,12857383800773.0,-75.77895076650225,1.8999999999999917,0,0,0.4
POSCO홀딩스,2016,11013,77.04,5.29,12461198605137.0,-3.081382665205812,1.1300000000000097,0,0,0.4
POSCO홀딩스,2016,11014,70.44,8.11,12747559705198.0,2.298022117575038,-6.6000000000000085,0,0,0.4
POSCO홀딩스,2017,11011,66.49,7.62,60655099616772.0,375.81734088320457,-3.950000000000003,0,0,0.4
POSCO홀딩스,2017,11012,69.56,6.55,14944404025635.0,-75.36166930718771,3.0700000000000074,0,0,0.4
POSCO홀딩스,2017,11013,70.31,9.05,15077183705856.0,0.8884909695511034,0.75,0,0,0.4
POSCO홀딩스,2017,11014,68.12,7.49,15036117731154.0,-0.2723716544360322,-2.1899999999999977,0,0,0.4
POSCO홀딩스,2018,11011,67.34,8.53,64977777434194.0,332.14464395662225,-0.7800000000000011,0,0,0.4
POSCO홀딩스,2018,11012,67.69,7.79,16083295652841.0,-75.24800587534824,0.3499999999999943,0,0,0.4
POSCO홀딩스,2018,11013,67.84,9.38,15862283699009.0,-1.3741708080393322,0.1500000000000056,0,0,0.4
POSCO홀딩스,2018,11014,69.21,9.33,16410726456611.0,3.4575271001883845,1.3699999999999903,0,0,0.4
POSCO홀딩스,2019,11011,65.41,6.01,64366847807959.0,292.2242441743282,-3.799999999999997,0,0,0.4
POSCO홀딩스,2019,11012,65.0,6.55,16321334900123.0,-74.6432589819866,-0.4099999999999966,0,0,0.4
POSCO홀딩스,2019,11013,68.78,7.51,16014237718232.0,-1.8815690246554828,3.780000000000001,0,0,0.4
POSCO홀딩스,2019,11014,65.43,6.5,15988226550851.0,-0.1624252608126708,-3.3499999999999943,0,0,0.4
POSCO홀딩스,2020,11011,65.89,4.16,57792795732820.0,261.4709583267938,0.4599999999999937,0,0,0.4
POSCO홀딩스,2020,11012,72.53,1.22,13721554433650.0,-76.2573271293438,6.640000000000001,0,0,0.4
POSCO홀딩스,2020,11013,73.49,4.85,14545812808227.0,6.007033522059513,0.9599999999999936,0,0,0.4
POSCO홀딩스,2020,11014,71.77,4.67,14261217575248.0,-1.9565440359443853,-1.7199999999999989,0,0,0.4
POSCO홀딩스,2021,11011,66.9,12.1,76332345050013.0,435.2442359654947,-4.86999999999999,0,0,0.4
POSCO홀딩스,2021,11012,64.13,12.03,18292466348591.0,-76.03576002203815,-2.7700000000000102,0,0,0.4
POSCO홀딩스,2021,11013,68.29,9.66,16068722906869.0,-12.156608077583186,4.160000000000011,0,0,0.4
POSCO홀딩스,2021,11014,68.41,15.1,20636882442644.0,28.42888985173937,0.1199999999999903,0,0,0.4
POSCO홀딩스,2023,11011,69.19,4.58,77127197108585.0,273.73473112009185,0.7800000000000011,0,0,0.4
POSCO홀딩스,2024,11011,68.27,2.99,72688143160111.0,-5.755497561028166,-0.9200000000000016,0,0,0.4
POSCO홀딩스,2024,11012,72.0,4.06,18509680963034.0,-74.53548796498693,3.730000000000004,0,0,0.4
POSCO홀딩스,2024,11013,70.98,3.23,18051950135080.0,-2.4729266207674905,-1.019999999999996,0,0,0.4
POSCO홀딩스,2024,11014,67.15,4.06,18321368302443.0,1.4924601793544934,-3.8299999999999983,0,0,0.4
POSCO홀딩스,2025,11011,68.64,2.64,69094886192787.0,277.12732505668686,1.4899999999999949,0,0,0.4
POSCO홀딩스,2025,11012,66.95,3.46,17555587387894.0,-74.59205976704153,-1.6899999999999975,0,0,0.4
POSCO홀딩스,2025,11013,65.59,3.26,17436775980004.0,-0.6767726152639542,-1.3599999999999994,0,0,0.4
SK하이닉스,2016,11011,34.1,19.05,17197975000000.0,-8.511667040288017,-4.659999999999997,0,0,0.4
SK하이닉스,2016,11012,35.15,11.49,3940927000000.0,-77.08493587181049,1.0499999999999972,0,0,0.4
SK하이닉스,2016,11013,38.82,15.37,3655717000000.0,-7.237129741301985,3.6700000000000017,0,0,0.4
SK하이닉스,2016,11014,32.55,17.11,4243645000000.0,16.082426511680193,-6.270000000000003,0,0,0.4
SK하이닉스,2017,11011,34.29,45.57,30109434000000.0,609.5182089925053,1.740000000000002,0,0,0.4
SK하이닉스,2017,11012,35.07,45.59,6692278000000.0,-77.77348454972618,0.7800000000000011,0,0,0.4
SK하이닉스,2017,11013,36.36,39.23,6289518000000.0,-6.018279575355356,1.2899999999999991,0,0,0.4
SK하이닉스,2017,11014,31.79,46.14,8100085000000.0,28.78705490627422,-4.57,0,0,0.4
SK하이닉스,2018,11011,35.87,51.54,40445066000000.0,399.31656272742816,4.079999999999998,0,0,0.4
SK하이닉스,2018,11012,30.6,53.75,10370507000000.0,-74.35903059226062,-5.269999999999996,0,0,0.4
SK하이닉스,2018,11013,35.04,50.09,8719691000000.0,-15.918373132576836,4.439999999999998,0,0,0.4
SK하이닉스,2018,11014,31.94,56.69,11416788000000.0,30.931107535806035,-3.099999999999998,0,0,0.4
SK하이닉스,2019,11011,35.14,10.05,26990733000000.0,136.41266703034165,3.1999999999999997,0,0,0.4
SK하이닉스,2019,11012,32.11,9.88,6452201000000.0,-76.09475444775805,-3.030000000000001,0,0,0.4
SK하이닉스,2019,11013,38.09,20.18,6772655000000.0,4.966584271010777,5.980000000000004,0,0,0.4
SK하이닉스,2019,11014,31.92,6.91,6838766000000.0,0.9761459870611944,-6.170000000000002,0,0,0.4
SK하이닉스,2020,11011,37.11,15.71,31900418000000.0,366.46453468359647,5.189999999999998,0,0,0.4
SK하이닉스,2020,11012,40.19,22.62,8606534000000.0,-73.02062311534601,3.0799999999999983,0,0,0.4
SK하이닉스,2020,11013,39.16,11.12,7198892000000.0,-16.35550385323523,-1.0300000000000011,0,0,0.4
SK하이닉스,2020,11014,37.17,15.99,8128767000000.0,12.91691832576458,-1.9899999999999949,0,0,0.4
SK하이닉스,2021,11011,54.98,28.86,42997792000000.0,428.95835247830325,17.809999999999995,0,0,0.4
SK하이닉스,2021,11012,41.62,26.11,10321671000000.0,-75.994881318557,-13.36,0,0,0.4
SK하이닉스,2021,11013,43.41,15.59,8494188000000.0,-17.705301786890903,1.7899999999999991,0,0,0.4
SK하이닉스,2021,11014,41.82,35.34,11805324000000.0,38.98119514190172,-1.5899999999999963,0,0,0.4
SK하이닉스,2022,11011,64.12,15.26,44621568000000.0,277.9783426528573,22.300000000000004,0,0,0.4
SK하이닉스,2022,11012,56.0,30.36,13811001000000.0,-69.04859775434159,-8.120000000000005,0,0,0.4
SK하이닉스,2022,11013,56.89,23.52,12155653000000.0,-11.985720658480869,0.8900000000000006,0,0,0.4
SK하이닉스,2022,11014,59.4,15.07,10982883000000.0,-9.647939111127968,2.509999999999998,0,1,0.4
SK하이닉스,2023,11011,87.52,-23.59,32765719000000.0,198.33440818772263,28.12,1,1,0.4
SK하이닉스,2023,11012,78.94,-39.45,7305933000000.0,-77.70250974806932,-8.579999999999998,1,1,0.4
SK하이닉스,2023,11013,71.1,-66.87,5088111000000.0,-30.35645139368237,-7.840000000000003,1,1,0.4
SK하이닉스,2023,11014,84.77,-19.77,9066171000000.0,78.183435856647,13.670000000000002,1,0,0.4
SK하이닉스,2024,11011,62.15,35.45,66192960000000.0,630.109326197355,-22.62,0,0,0.4
SK하이닉스,2024,11012,76.54,33.3,16423258000000.0,-75.18881464131533,14.390000000000008,0,0,0.4
SK하이닉스,2024,11013,85.92,23.22,12429598000000.0,-24.31709956696777,9.379999999999995,0,0,0.4
SK하이닉스,2024,11014,65.95,40.0,17573069000000.0,41.38083146373679,-19.97,0,0,0.4
SK하이닉스,2025,11011,45.95,48.59,97146675000000.0,452.815646487247,-20.0,0,0,0.4
SK하이닉스,2025,11012,48.13,41.44,22231952000000.0,-77.11506647036556,2.18,0,0,0.4
SK하이닉스,2025,11013,52.24,42.18,17639141000000.0,-20.658604336677232,4.109999999999999,0,0,0.4
STX엔진,2016,11011,674.01,0.78,529846000000.0,-16.336098202598127,15.569999999999936,1,1,0.2
STX엔진,2016,11012,739.01,0.83,149208000000.0,-71.83936464557625,65.0,1,1,0.2
STX엔진,2016,11013,646.6,5.63,95776000000.0,-35.810412310331884,-92.40999999999995,1,1,0.2
STX엔진,2016,11014,803.35,-5.02,127310000000.0,32.924741062479114,156.75,1,1,0.2
STX엔진,2017,11011,717.59,2.28,470149000000.0,269.2946351425654,-85.75999999999999,1,1,0.2
STX엔진,2017,11012,689.7,6.23,97316000000.0,-79.30103009896862,-27.889999999999983,1,1,0.2
STX엔진,2017,11013,609.73,5.14,90787000000.0,-6.709071478482464,-79.97000000000003,1,1,0.2
STX엔진,2017,11014,676.64,-1.1,101434000000.0,11.727449965303393,66.90999999999997,1,1,0.2
STX엔진,2018,11011,290.64,5.43,577328000000.0,469.16615730425696,-386.0,1,1,0.2
STX엔진,2018,11012,765.94,2.94,108266000000.0,-81.24705540004989,475.30000000000007,1,1,0.2
STX엔진,2018,11013,746.7,2.27,71882000000.0,-33.60611826427503,-19.24000000000001,1,1,0.2
STX엔진,2018,11014,781.27,1.37,121359000000.0,68.83086168999193,34.569999999999936,1,1,0.2
STX엔진,2019,11011,248.84,4.92,610608000000.0,403.1419177811287,-532.43,1,1,0.2
STX엔진,2019,11012,283.44,9.84,191302000000.0,-68.67024342949978,34.599999999999994,1,1,0.2
STX엔진,2019,11013,277.16,7.16,116716000000.0,-38.98861486027329,-6.279999999999973,1,1,0.2
STX엔진,2019,11014,283.72,2.03,123915000000.0,6.167963261249532,6.560000000000002,1,1,0.2
STX엔진,2020,11011,203.7,2.44,586695000000.0,373.4656821208087,-80.02000000000004,1,1,0.2
STX엔진,2020,11012,250.25,4.07,122983000000.0,-79.03800100563325,46.55000000000001,1,1,0.2
STX엔진,2020,11013,250.18,3.47,94738000000.0,-22.966588878137628,-0.0699999999999931,1,1,0.2
STX엔진,2020,11014,245.76,0.74,173658000000.0,83.30342629145645,-4.420000000000016,1,0,0.2
STX엔진,2021,11011,194.91,0.74,493455000000.0,184.15333586704904,-50.85,0,0,0.2
STX엔진,2021,11012,199.49,0.99,124734000000.0,-74.72231510472079,4.5800000000000125,0,1,0.2
STX엔진,2021,11013,195.39,-4.42,97498000000.0,-21.83526544486668,-4.100000000000023,1,1,0.2
STX엔진,2021,11014,204.89,3.08,104924000000.0,7.616566493671661,9.5,1,1,0.2
STX엔진,2022,11011,227.92,-1.62,544021000000.0,418.4905264763066,23.03,1,1,0.2
STX엔진,2022,11012,202.44,0.6,104916000000.0,-80.71471505695553,-25.47999999999999,1,1,0.2
STX엔진,2022,11013,195.61,-1.01,111918000000.0,6.673910557017049,-6.829999999999984,1,1,0.2
STX엔진,2022,11014,211.52,0.92,137416000000.0,22.782751657463507,15.909999999999997,1,1,0.2
STX엔진,2023,11011,246.31,2.99,630377000000.0,358.7362461430983,34.78999999999999,1,1,0.2
STX엔진,2023,11012,226.36,2.72,163437000000.0,-74.07313401345543,-19.94999999999999,1,1,0.2
STX엔진,2023,11013,236.81,-0.3,116981000000.0,-28.424408181745875,10.449999999999989,1,1,0.2
STX엔진,2023,11014,224.82,1.36,138535000000.0,18.425214351048467,-11.990000000000007,1,1,0.2
STX엔진,2024,11011,250.3,5.83,724609807886.0,423.0517976583535,25.480000000000015,1,1,0.2
STX엔진,2024,11012,262.21,11.03,197361000000.0,-72.7631343307666,11.909999999999968,1,1,0.2
STX엔진,2024,11013,274.25,5.9,115506000000.0,-41.47475945095536,12.04000000000002,1,1,0.2
STX엔진,2024,11014,258.46,2.8,193968000000.0,67.92893875642825,-15.79000000000002,1,1,0.2
STX엔진,2025,11011,237.5,8.82,789341914687.0,306.9444004614163,-20.95999999999998,1,1,0.2
STX엔진,2025,11012,234.81,15.61,213655135457.0,-72.93249839117928,-2.6899999999999977,1,1,0.2
STX엔진,2025,11013,231.7,11.11,139139478662.0,-34.87660459722343,-3.1100000000000136,1,1,0.2
금호타이어,2016,11011,321.85,4.07,2947227755079.0,-3.064686554435858,7.830000000000041,1,1,0.2
금호타이어,2016,11012,326.29,5.47,744843084553.0,-74.72733204044373,4.439999999999998,1,1,0.2
금호타이어,2016,11013,319.11,2.15,701761355054.0,-5.784000736860495,-7.180000000000007,1,1,0.2
금호타이어,2016,11014,335.87,1.33,710062942526.0,1.182964466796732,16.75999999999999,1,1,0.2
금호타이어,2017,11011,389.06,-5.71,2876420253183.0,305.0937009823852,53.19,1,1,0.2
금호타이어,2017,11012,347.79,-3.16,712175046990.0,-75.24092502818674,-41.26999999999998,1,1,0.2
금호타이어,2017,11013,332.31,-4.21,669302676160.0,-6.019920384910926,-15.480000000000018,1,1,0.2
금호타이어,2017,11014,333.82,-0.03,755091392040.0,12.817626305066776,1.509999999999991,1,1,0.2
금호타이어,2018,11011,214.62,-3.84,2558681154748.0,238.8571478527009,-119.2,1,1,0.2
금호타이어,2018,11012,375.92,-1.91,664719320718.0,-74.02101784020576,161.3,1,1,0.2
금호타이어,2018,11013,354.87,-2.74,624980997932.0,-5.978210885020829,-21.05000000000001,1,1,0.2
금호타이어,2018,11014,214.36,-5.99,634651335815.0,1.5473011043532825,-140.51,1,1,0.2
금호타이어,2019,11011,203.99,2.42,2369198863879.0,273.3071578328196,-10.370000000000005,1,1,0.2
금호타이어,2019,11012,202.1,3.89,616986958931.0,-73.95799194666037,-1.8900000000000148,1,1,0.2
금호타이어,2019,11013,205.12,-2.69,549741351856.0,-10.899032159692757,3.0200000000000102,1,1,0.2
금호타이어,2019,11014,206.75,2.69,590029390220.0,7.328544274135873,1.6299999999999957,1,1,0.2
금호타이어,2020,11011,229.41,-0.21,2170677305382.0,267.89308149084496,22.66,1,1,0.2
금호타이어,2020,11012,223.49,-7.58,467652710426.0,-78.45590824271774,-5.919999999999988,1,1,0.2
금호타이어,2020,11013,224.28,-3.77,488635980931.0,4.48693443600181,0.789999999999992,1,1,0.2
금호타이어,2020,11014,227.32,7.37,595932990138.0,21.95847489629532,3.039999999999992,1,1,0.2
금호타이어,2021,11011,238.82,-1.6,2601223215947.0,336.4959247086884,11.5,1,1,0.2
금호타이어,2021,11012,245.72,1.8,633637767654.0,-75.64077685569485,6.900000000000006,1,1,0.2
금호타이어,2021,11013,237.91,0.08,585626588822.0,-7.577070257310902,-7.810000000000002,1,1,0.2
금호타이어,2021,11014,244.18,-8.41,648654975136.0,10.762555443526375,6.27000000000001,1,1,0.2
금호타이어,2022,11011,277.24,0.65,3559158461842.0,448.6982445630314,33.06,1,1,0.2
금호타이어,2022,11012,268.9,0.21,894082282703.0,-74.87939094905377,-8.340000000000032,1,1,0.2
금호타이어,2022,11013,241.75,0.07,738708324657.0,-17.378037911261547,-27.149999999999977,1,1,0.2
금호타이어,2022,11014,283.49,0.24,977588916749.0,32.337606619353856,41.74000000000001,1,1,0.2
금호타이어,2023,11011,245.3,10.17,4041412157685.0,313.4060941612178,-38.19,1,1,0.2
금호타이어,2023,11012,286.35,8.77,1004080875492.0,-75.15519733411311,41.05000000000001,1,1,0.2
금호타이어,2023,11013,280.62,5.46,998917965838.0,-0.5141926093822025,-5.730000000000018,1,1,0.2
금호타이어,2023,11014,259.43,9.84,977540185245.0,-2.140093713808222,-21.19,1,0,0.2
금호타이어,2024,11011,181.54,12.99,4532177923979.0,363.6308555277555,-77.89000000000001,0,1,0.2
금호타이어,2024,11012,207.46,13.38,1131937454817.0,-75.02442592052472,25.920000000000016,1,1,0.2
금호타이어,2024,11013,228.21,13.94,1044506706341.0,-7.723991118408124,20.75,1,0,0.2
금호타이어,2024,11014,199.92,12.58,1114995464166.0,6.748521325624446,-28.29000000000002,0,0,0.2
금호타이어,2025,11011,147.44,12.25,4701282075494.0,321.6413632687276,-52.47999999999999,0,0,0.2
금호타이어,2025,11012,176.01,14.34,1221253035004.0,-74.0229789365346,28.569999999999997,0,0,0.2
금호타이어,2025,11013,169.77,12.15,1206213099996.0,-1.2315166944867229,-6.239999999999981,0,0,0.2
남광토건,2016,11011,332.68,-5.06,183598711370.0,-39.28386898132473,-173.89999999999998,1,1,0.2
남광토건,2016,11012,414.58,-5.8,40495290273.0,-77.94358687442458,81.89999999999998,1,1,0.2
남광토건,2016,11013,487.69,-11.6,46087514899.0,13.809567948025258,73.11000000000001,1,1,0.2
남광토건,2016,11014,367.59,7.48,50986514290.0,10.629775551439623,-120.10000000000002,1,1,0.2
남광토건,2017,11011,284.24,1.58,115611172617.0,126.7485318949816,-83.34999999999997,1,1,0.2
남광토건,2017,11012,343.7,-8.63,29812943553.0,-74.21274875243661,59.45999999999998,1,1,0.2
남광토건,2017,11013,324.85,-3.87,22947363480.0,-23.02885678093042,-18.84999999999997,1,1,0.2
남광토건,2017,11014,285.16,10.97,30318577879.0,32.12227149940104,-39.69,1,1,0.2
남광토건,2018,11011,203.19,7.09,157172930507.0,418.4046927737497,-81.97000000000003,1,1,0.2
남광토건,2018,11012,265.03,3.35,32873265172.0,-79.08465213064413,61.839999999999975,1,1,0.2
남광토건,2018,11013,277.64,0.6,22569640233.0,-31.34347891847437,12.610000000000014,1,1,0.2
남광토건,2018,11014,254.41,1.72,32885407259.0,45.706386630465175,-23.22999999999999,1,1,0.2
남광토건,2019,11011,283.12,2.04,236179654398.0,618.189841889104,28.710000000000008,1,1,0.2
남광토건,2019,11012,222.05,0.7,58056303965.0,-75.41858374169438,-61.06999999999999,1,0,0.2
남광토건,2019,11013,193.62,3.33,43931389906.0,-24.32968186799385,-28.430000000000007,0,1,0.2
남광토건,2019,11014,236.68,4.19,63094484035.0,43.62050499654866,43.06,1,1,0.2
남광토건,2020,11011,207.71,6.39,237961500135.0,277.1510359019612,-28.97,1,1,0.2
남광토건,2020,11012,338.27,4.32,57597021165.0,-75.795655544143,130.55999999999997,1,1,0.2
남광토건,2020,11013,257.84,3.3,50568975029.0,-12.202100028518023,-80.43,1,1,0.2
남광토건,2020,11014,325.88,11.37,45906324316.0,-9.220378127747477,68.04000000000002,1,1,0.2
남광토건,2021,11011,212.24,5.83,356740019691.0,677.1042988224247,-113.64,1,1,0.2
남광토건,2021,11012,238.87,3.23,85922077922.0,-75.91465123637552,26.629999999999995,1,1,0.2
남광토건,2021,11013,257.25,4.95,60534088645.0,-29.54769005941313,18.379999999999995,1,1,0.2
남광토건,2021,11014,226.92,3.46,82559653455.0,36.38539094751743,-30.330000000000013,1,1,0.2
남광토건,2022,11011,223.29,2.47,450379452331.0,445.5200373103359,-3.629999999999996,1,1,0.2
남광토건,2022,11012,275.81,2.19,106815968204.0,-76.28311690261191,52.52000000000001,1,1,0.2
남광토건,2022,11013,247.16,2.03,82691006077.0,-22.58553897196859,-28.65000000000001,1,1,0.2
남광토건,2022,11014,231.11,0.16,116882893067.0,41.34897930515113,-16.049999999999983,1,1,0.2
남광토건,2023,11011,233.82,0.79,547683547225.0,368.5745987747369,2.7099999999999795,1,1,0.2
남광토건,2023,11012,223.47,-4.99,135685900898.0,-75.22549260690911,-10.349999999999994,1,1,0.2
남광토건,2023,11013,203.18,0.74,132255487517.0,-2.5282017942149797,-20.289999999999992,1,1,0.2
남광토건,2023,11014,210.61,2.61,139301438852.0,5.327530424092464,7.430000000000007,1,1,0.2
남광토건,2024,11011,248.45,1.45,504249000325.0,261.9840573655067,37.839999999999975,1,1,0.2
남광토건,2024,11012,249.41,0.61,124033368723.0,-75.40235704125192,0.960000000000008,1,1,0.2
남광토건,2024,11013,238.79,3.61,142625049109.0,14.989256985771494,-10.620000000000005,1,1,0.2
남광토건,2024,11014,210.27,1.15,112585238759.0,-21.062085894212256,-28.519999999999985,1,1,0.2
남광토건,2025,11011,228.13,3.2,357445671000.0,217.4889310002249,17.859999999999985,1,1,0.2
남광토건,2025,11012,221.73,2.69,98337004388.0,-72.48896479487648,-6.400000000000006,1,1,0.2
남광토건,2025,11013,201.73,3.13,81435728372.0,-17.187096679612146,-20.0,1,1,0.2
대선조선,2023,11012,567.26,-99.29,76533438629.0,-72.1923876961112,67.25999999999999,1,1,0.2
대선조선,2023,11013,250.44,-13.37,73373285557.0,-4.129114186700811,-316.82,1,1,0.2
대선조선,2023,11014,549.3,-2.71,70219579605.0,-4.298166462165643,298.86,1,1,0.2
대선조선,2024,11011,16068.37,-1.72,322513320291.0,359.2925820764033,15519.070000000002,1,1,0.2
대선조선,2024,11012,13469.53,-2.1,75447396427.0,-76.60642470242014,-2598.84,1,1,0.2
대선조선,2024,11013,11640.13,-4.02,73122635637.0,-3.0813002172306203,-1829.4000000000012,1,1,0.2
대선조선,2024,11014,500.0,-7.14,96575473329.0,32.073293704053626,-11140.13,1,1,0.2
대선조선,2025,11011,500.0,-1.17,201749943134.0,108.9039133639098,0.0,1,1,0.2
대선조선,2025,11012,500.0,2.66,61753279123.0,-69.3911789199444,0.0,1,1,0.2
대선조선,2025,11013,20821.92,1.72,70270219640.0,13.791883828607675,20321.92,1,1,0.2
대우건설,2016,11011,381.68,-4.21,11105930097764.0,11.777647790332946,123.04000000000002,1,1,0.2
대우건설,2016,11012,267.86,3.5,3028401461673.0,-72.7316718634604,-113.82,1,1,0.2
대우건설,2016,11013,274.22,2.36,2569901620420.0,-15.139995375636484,6.360000000000014,1,1,0.2
대우건설,2016,11014,270.33,3.47,2817732667479.0,9.643600560028332,-3.890000000000043,1,1,0.2
대우건설,2017,11011,285.25,3.65,11766840487669.0,317.5996049404036,14.920000000000016,1,1,0.2
대우건설,2017,11012,318.13,7.89,3114054063682.0,-73.53534224462925,32.879999999999995,1,1,0.2
대우건설,2017,11013,346.49,8.37,2640144770606.0,-15.218402872417002,28.360000000000014,1,1,0.2
대우건설,2017,11014,284.64,3.67,3098039753475.0,17.34355585220042,-61.85000000000002,1,1,0.2
대우건설,2018,11011,276.83,5.93,10605493844509.0,242.32917226491563,-7.810000000000002,1,1,0.2
대우건설,2018,11012,327.85,5.46,2963903386973.0,-72.0531317972754,51.02000000000004,1,1,0.2
대우건설,2018,11013,334.86,6.86,2652824836003.0,-10.495569873743449,7.009999999999991,1,1,0.2
대우건설,2018,11014,297.05,7.02,2728502574430.0,2.8527227806349758,-37.81,1,1,0.2
대우건설,2019,11011,289.74,4.21,8651852221280.0,217.0915909099856,-7.310000000000002,1,1,0.2
대우건설,2019,11012,301.42,4.56,2230829300981.0,-74.21558709135049,11.680000000000009,1,1,0.2
대우건설,2019,11013,311.71,4.85,2030874070556.0,-8.963268966257088,10.289999999999964,1,1,0.2
대우건설,2019,11014,272.71,5.72,2080855480804.0,2.461078752870005,-39.0,1,1,0.2
대우건설,2020,11011,247.63,6.86,8136705736642.0,291.02695077594444,-25.079999999999984,1,1,0.2
대우건설,2020,11012,264.37,4.13,1963206648424.0,-75.87221767670547,16.74000000000001,1,1,0.2
대우건설,2020,11013,284.6,6.09,1985826748071.0,1.1522016627826035,20.230000000000015,1,1,0.2
대우건설,2020,11014,273.57,5.43,1896270053210.0,-4.509793966064457,-11.03000000000003,1,1,0.2
대우건설,2021,11011,225.15,8.5,8685207679669.0,358.01533726521217,-48.41999999999999,1,1,0.2
대우건설,2021,11012,244.51,8.71,2207390634479.0,-74.58448069530647,19.359999999999985,1,1,0.2
대우건설,2021,11013,243.56,11.83,1938962790989.0,-12.160414169436562,-0.9499999999999886,1,1,0.2
대우건설,2021,11014,222.66,5.35,2100121746614.0,8.31160641008475,-20.90000000000001,1,0,0.2
대우건설,2022,11011,199.1,7.29,10419213132139.0,396.1242436986221,-23.56,0,1,0.2
대우건설,2022,11012,210.68,3.54,2440885163542.0,-76.57322935440422,11.580000000000013,1,1,0.2
대우건설,2022,11013,213.64,9.84,2249481566325.0,-7.841565022225449,2.9599999999999795,1,1,0.2
대우건설,2022,11014,200.26,8.15,2520510828864.0,12.048521161335104,-13.379999999999995,1,0,0.2
대우건설,2023,11011,176.79,5.69,11647800864690.0,362.1206436133302,-23.47,0,0,0.2
대우건설,2023,11012,188.31,6.65,3271396700087.0,-71.91403992830826,11.52000000000001,0,0,0.2
대우건설,2023,11013,184.54,6.77,2608117445979.0,-20.27510922445941,-3.77000000000001,0,0,0.2
대우건설,2023,11014,176.62,6.36,2990107869677.0,14.646212511899126,-7.9199999999999875,0,0,0.2
대우건설,2024,11011,192.07,3.84,10503609086034.0,251.2786007672904,15.449999999999989,0,0,0.2
대우건설,2024,11012,191.03,3.71,2821467566663.0,-73.13811335177608,-1.039999999999992,0,0,0.2
대우건설,2024,11013,195.46,4.61,2487337156576.0,-11.84243313780785,4.430000000000007,0,0,0.2
대우건설,2024,11014,196.01,2.45,2547811776367.0,2.4312996583964352,0.549999999999983,0,1,0.2
대우건설,2025,11011,284.46,-10.12,8054627137857.0,216.1390182968041,88.44999999999999,1,0,0.2
대우건설,2025,11012,199.82,3.62,2273320646524.0,-71.77621499275463,-84.63999999999999,0,0,0.2
대우건설,2025,11013,193.25,7.29,2076668652788.0,-8.650429231647937,-6.569999999999993,0,1,0.2
대웅제약,2016,11011,89.35,2.93,883920424600.0,5.267912200062108,26.569999999999997,0,0,0.2
대웅제약,2016,11012,83.97,2.61,215946416635.0,-75.56947315334159,-5.379999999999996,0,0,0.2
대웅제약,2016,11013,63.72,2.08,211221652933.0,-2.1879333658895384,-20.25,0,0,0.2
대웅제약,2016,11014,83.12,2.13,220515512695.0,4.400050673283973,19.40000000000001,0,0,0.2
대웅제약,2017,11011,92.15,4.06,960307423040.0,335.4829332883365,9.03,0,0,0.2
대웅제약,2017,11012,89.53,4.52,245265062100.0,-74.45973484995295,-2.6200000000000045,0,0,0.2
대웅제약,2017,11013,90.72,2.61,225933062381.0,-7.882084612246121,1.1899999999999975,0,0,0.2
대웅제약,2017,11014,90.03,5.38,252237119687.0,11.642411707606737,-0.6899999999999977,0,0,0.2
대웅제약,2018,11011,98.72,2.38,1031427425529.0,308.91183137870195,8.689999999999998,0,0,0.2
대웅제약,2018,11012,92.45,3.28,261617987892.0,-74.63534695542724,-6.269999999999996,0,0,0.2
대웅제약,2018,11013,93.0,2.24,239425214915.0,-8.482892615993032,0.5499999999999972,0,0,0.2
대웅제약,2018,11014,91.75,2.79,257980510034.0,7.749933575537327,-1.25,0,0,0.2
대웅제약,2019,11011,95.88,4.01,1113425920883.0,331.5930380695264,4.129999999999996,0,0,0.2
대웅제약,2019,11012,98.2,7.77,292666354785.0,-73.71478880670377,2.3200000000000074,0,0,0.2
대웅제약,2019,11013,98.89,4.79,263673152489.0,-9.906571705961598,0.6899999999999977,0,0,0.2
대웅제약,2019,11014,98.28,2.31,269436497048.0,2.1857911981540967,-0.6099999999999994,0,0,0.2
대웅제약,2020,11011,96.61,1.61,1055423689996.0,291.7151913565654,-1.6700000000000017,0,1,0.2
대웅제약,2020,11012,90.68,-1.27,253940760590.0,-75.93944848907434,-5.929999999999993,1,0,0.2
대웅제약,2020,11013,92.0,2.16,257405399210.0,1.3643491544840458,1.3199999999999932,0,0,0.2
대웅제약,2020,11014,100.91,2.14,276834494746.0,7.548052836354491,8.909999999999997,0,0,0.2
대웅제약,2021,11011,101.48,7.71,1152975698170.0,316.4855608864326,0.5700000000000074,0,0,0.2
대웅제약,2021,11012,106.93,6.46,289692225957.0,-74.87438578134832,5.450000000000003,0,0,0.2
대웅제약,2021,11013,106.17,8.37,269617086210.0,-6.929816525342247,-0.7600000000000051,0,0,0.2
대웅제약,2021,11014,107.91,7.81,290649094262.0,7.800695552216807,1.7399999999999949,0,0,0.2
대웅제약,2022,11011,110.91,7.48,1280091851013.0,340.42519873090885,3.0,0,0,0.2
대웅제약,2022,11012,103.0,9.32,322058585665.0,-74.8409783711896,-7.909999999999997,0,0,0.2
대웅제약,2022,11013,103.8,7.73,298355703039.0,-7.359804607306863,0.7999999999999972,0,0,0.2
대웅제약,2022,11014,103.35,9.07,331893492032.0,11.240874114819931,-0.4500000000000028,0,0,0.2
대웅제약,2023,11011,94.05,8.91,1375328744877.0,314.3885848609516,-9.299999999999995,0,0,0.2
대웅제약,2023,11012,99.53,11.44,350191474410.0,-74.53761686328176,5.480000000000004,0,0,0.2
대웅제약,2023,11013,106.65,7.59,322414531612.0,-7.931930051923275,7.1200000000000045,0,0,0.2
대웅제약,2023,11014,99.84,8.62,340899763085.0,5.733374169141192,-6.810000000000002,0,0,0.2
대웅제약,2024,11011,113.27,10.4,1422683296380.0,317.3318524792485,13.429999999999993,0,0,0.2
대웅제약,2024,11012,107.12,11.74,360544556084.0,-74.65742677928382,-6.149999999999992,0,0,0.2
대웅제약,2024,11013,94.09,8.83,335785146505.0,-6.867226022747531,-13.03,0,0,0.2
대웅제약,2024,11014,102.08,10.4,358473430484.0,6.756786062501474,7.989999999999995,0,0,0.2
대웅제약,2025,11011,108.24,12.53,1570891005329.0,338.2168584176602,6.159999999999997,0,0,0.2
대웅제약,2025,11012,120.96,14.27,405449021657.0,-74.18986929827861,12.72,0,0,0.2
대웅제약,2025,11013,113.97,10.85,356487894236.0,-12.075778903326572,-6.989999999999995,0,0,0.2
대한전선,2016,11011,339.89,3.54,1374010600000.0,-18.63561559314393,1.5500000000000114,1,1,0.2
대한전선,2016,11012,347.35,1.14,325066242000.0,-76.34179517974606,7.460000000000036,1,1,0.2
대한전선,2016,11013,319.95,2.58,328387077000.0,1.02158716314813,-27.400000000000038,1,1,0.2
대한전선,2016,11014,332.72,3.59,320600552000.0,-2.3711423333507176,12.77000000000004,1,1,0.2
대한전선,2017,11011,295.18,3.45,1587602185000.0,395.1963354698154,-37.54000000000002,1,1,0.2
대한전선,2017,11012,307.39,4.2,416303003000.0,-73.77787666625062,12.20999999999998,1,1,0.2
대한전선,2017,11013,317.7,1.69,343894642000.0,-17.39318728863457,10.310000000000002,1,1,0.2
대한전선,2017,11014,299.75,2.95,369570898000.0,7.466314639470295,-17.94999999999999,1,1,0.2
대한전선,2018,11011,264.36,3.0,1648815011000.0,346.1430864613154,-35.389999999999986,1,1,0.2
대한전선,2018,11012,264.31,3.06,430817958000.0,-73.87105556864681,-0.0500000000000113,1,1,0.2
대한전선,2018,11013,270.15,0.37,340737426000.0,-20.90918689141551,5.839999999999975,1,1,0.2
대한전선,2018,11014,274.73,1.57,399334050000.0,17.19700259753678,4.580000000000041,1,1,0.2
대한전선,2019,11011,295.04,2.14,1554739981000.0,289.3331863386055,20.31,1,1,0.2
대한전선,2019,11012,278.39,0.94,362959203000.0,-76.65466846960824,-16.650000000000034,1,1,0.2
대한전선,2019,11013,258.19,0.09,336978407000.0,-7.158048558972618,-20.19999999999999,1,1,0.2
대한전선,2019,11014,280.82,2.26,367464651000.0,9.046942880230311,22.629999999999995,1,1,0.2
대한전선,2020,11011,233.52,3.55,1596841749000.0,334.5565606526871,-47.29999999999998,1,1,0.2
대한전선,2020,11012,263.8,5.87,436886829000.0,-72.64056821700746,30.28,1,1,0.2
대한전선,2020,11013,322.51,1.65,357228762000.0,-18.233112493304304,58.70999999999998,1,1,0.2
대한전선,2020,11014,261.65,1.71,326899478000.0,-8.490157351887584,-60.860000000000014,1,1,0.2
대한전선,2021,11011,266.43,1.98,1997709556000.0,511.10821229270977,4.78000000000003,1,1,0.2
대한전선,2021,11012,259.87,-0.31,445486016000.0,-77.70016093370482,-6.560000000000002,1,1,0.2
대한전선,2021,11013,258.39,1.25,444254784000.0,-0.2763794947044928,-1.4800000000000182,1,1,0.2
대한전선,2021,11014,257.89,3.17,477326884000.0,7.444399293176773,-0.5,1,0,0.2
대한전선,2022,11011,83.66,1.97,2450545975000.0,413.389473156094,-174.23,0,0,0.2
대한전선,2022,11012,97.46,2.19,638432002000.0,-73.94735669058403,13.799999999999995,0,0,0.2
대한전선,2022,11013,99.63,2.0,589414011000.0,-7.677871855803364,2.1700000000000017,0,0,0.2
대한전선,2022,11014,104.27,0.48,568769028000.0,-3.5026284775575123,4.640000000000001,0,0,0.2
대한전선,2023,11011,97.06,2.81,2843980012000.0,400.023712964905,-7.209999999999994,0,0,0.2
대한전선,2023,11012,92.74,3.18,754392026000.0,-73.47407426153177,-4.320000000000007,0,0,0.2
대한전선,2023,11013,96.03,2.51,703910702000.0,-6.691656626815934,3.2900000000000063,0,0,0.2
대한전선,2023,11014,89.45,2.76,630042028000.0,-10.494040478446944,-6.579999999999998,0,0,0.2
대한전선,2024,11011,76.64,3.5,3291299375000.0,422.3936227632104,-12.810000000000002,0,0,0.2
대한전선,2024,11012,74.16,4.33,864348923000.0,-73.73836820906028,-2.480000000000004,0,0,0.2
대한전선,2024,11013,79.21,3.65,788528283000.0,-8.771994501576996,5.049999999999997,0,0,0.2
대한전선,2024,11014,56.44,3.38,804432926000.0,2.0170034915538926,-22.77,0,0,0.2
대한전선,2025,11011,114.0,3.54,3636018215712.0,351.9976865929528,57.56,0,0,0.2
대한전선,2025,11012,95.49,3.12,916356132633.0,-74.79781237967312,-18.510000000000005,0,0,0.2
대한전선,2025,11013,82.89,3.17,855455851533.0,-6.645918429662601,-12.599999999999994,0,0,0.2
대한항공,2016,11011,1178.12,9.55,11731852588629.0,1.6199568676068088,310.52999999999986,1,1,0.2
대한항공,2016,11012,1082.16,5.65,2817708930618.0,-75.98240423384588,-95.9599999999998,1,1,0.2
대한항공,2016,11013,917.64,11.28,2866960728487.0,1.7479377423912146,-164.5200000000001,1,1,0.2
대한항공,2016,11014,910.09,14.75,3117941920848.0,8.754259863665869,-7.549999999999954,1,1,0.2
대한항공,2017,11011,557.1,7.77,12092211497503.0,287.82670763200844,-352.99,1,1,0.2
대한항공,2017,11012,735.52,5.95,2905224888439.0,-75.97441221534275,178.41999999999996,1,1,0.2
대한항공,2017,11013,744.47,6.68,2866004571486.0,-1.3499924604485014,8.950000000000045,1,1,0.2
대한항공,2017,11014,729.2,11.06,3213921437684.0,12.139438633819344,-15.269999999999982,1,1,0.2
대한항공,2018,11011,783.45,4.8,13011645223989.0,304.852622451325,54.25,1,1,0.2
대한항공,2018,11012,654.46,2.15,3105748499293.0,-76.13100844797806,-128.99,1,1,0.2
대한항공,2018,11013,595.0,5.36,3102002341014.0,-0.1206201429334252,-59.46000000000004,1,1,0.2
대한항공,2018,11014,607.77,11.42,3517865068579.0,13.406267366937596,12.769999999999982,1,1,0.2
대한항공,2019,11011,871.45,2.03,12683407264566.0,260.54274445748746,263.68000000000006,1,1,0.2
대한항공,2019,11012,884.4,-3.16,3121010165328.0,-75.3929673610083,12.949999999999932,1,1,0.2
대한항공,2019,11013,819.07,4.48,3138921624408.0,0.573899414970902,-65.32999999999993,1,1,0.2
대한항공,2019,11014,922.48,2.85,3382867120356.0,7.771633864671856,103.40999999999995,1,1,0.2
대한항공,2020,11011,660.63,1.43,7606224078611.0,124.84548780652518,-261.85,1,1,0.2
대한항공,2020,11012,1099.43,6.37,1728443994764.0,-77.27592591408853,438.80000000000007,1,1,0.2
대한항공,2020,11013,1222.56,-3.41,2427305481809.0,40.43298418473906,123.12999999999988,1,1,0.2
대한항공,2020,11014,692.9,-1.97,1595288353584.0,-34.27739666310653,-529.66,1,1,0.2
대한항공,2021,11011,288.48,15.73,9016824640301.0,465.2159761615296,-404.42,1,1,0.2
대한항공,2021,11012,306.74,9.62,2012577569057.0,-77.67975258095053,18.25999999999999,1,1,0.2
대한항공,2021,11013,307.68,5.67,1792478199473.0,-10.936193117124338,0.9399999999999976,1,1,0.2
대한항공,2021,11014,308.55,18.24,2303513811129.0,28.510004294961444,0.8700000000000045,1,1,0.2
대한항공,2022,11011,212.06,20.08,14096094819146.0,511.9388019747626,-96.49,1,1,0.2
대한항공,2022,11012,264.48,21.64,3421420220359.0,-75.72788588430987,52.420000000000016,1,1,0.2
대한항공,2022,11013,267.4,26.8,2884257098465.0,-15.700004305160654,2.919999999999959,1,1,0.2
대한항공,2022,11014,257.8,20.47,3910761735906.0,35.58991457409624,-9.599999999999966,1,1,0.2
대한항공,2023,11011,209.64,11.11,16111796106147.0,311.9861345225729,-48.160000000000025,1,1,0.2
대한항공,2023,11012,208.12,12.31,3877336004314.0,-75.93479970346253,-1.5199999999999818,1,1,0.2
대한항공,2023,11013,218.2,13.52,3592033185858.0,-7.358217552942703,10.079999999999984,1,0,0.2
대한항공,2023,11014,198.69,12.78,4249023718523.0,18.29021333242693,-19.50999999999999,0,1,0.2
대한항공,2024,11011,328.82,11.81,17870718495804.0,320.58410777749265,130.13,1,1,0.2
대한항공,2024,11012,204.44,10.06,4402231429467.0,-75.36623146685102,-124.38,1,1,0.2
대한항공,2024,11013,213.76,12.53,4291444812510.0,-2.516601381186667,9.319999999999991,1,0,0.2
대한항공,2024,11014,199.23,14.24,4675277388850.0,8.944134041316087,-14.53,0,1,0.2
대한항공,2025,11011,339.88,4.41,25225542379502.0,439.5517801716327,140.65,1,1,0.2
대한항공,2025,11012,310.52,5.96,6210705839436.0,-75.37929711876977,-29.360000000000014,1,1,0.2
대한항공,2025,11013,327.96,6.64,6491861987200.0,4.526959656964391,17.439999999999998,1,1,0.2
덕산네오룩스,2016,11011,8.85,9.27,42330697123.0,4.994332590663886,-0.7000000000000011,0,0,0.4
덕산네오룩스,2016,11012,9.41,4.87,9930835289.0,-76.53987303789484,0.5600000000000005,0,0,0.4
덕산네오룩스,2016,11013,9.41,12.81,13204639094.0,32.96604675969468,0.0,0,0,0.4
덕산네오룩스,2016,11014,8.43,8.49,8898768832.0,-32.608769019340535,-0.9800000000000004,0,0,0.4
덕산네오룩스,2017,11011,21.85,18.32,100405838213.0,1028.311568808713,13.420000000000002,0,0,0.4
덕산네오룩스,2017,11012,18.62,18.76,26756089129.0,-73.35205840098672,-3.2300000000000004,0,0,0.4
덕산네오룩스,2017,11013,11.64,18.41,19616109601.0,-26.68543782155825,-6.98,0,0,0.4
덕산네오룩스,2017,11014,18.82,21.69,27791134032.0,41.67505482628038,7.18,0,0,0.4
덕산네오룩스,2018,11011,13.75,22.41,90692655890.0,226.33665033449967,-5.07,0,0,0.4
덕산네오룩스,2018,11012,13.26,18.84,22344807391.0,-75.36205421296545,-0.4900000000000002,0,0,0.4
덕산네오룩스,2018,11013,13.06,16.05,22719598827.0,1.67730886841726,-0.1999999999999993,0,0,0.4
덕산네오룩스,2018,11014,11.44,30.29,24922775189.0,9.697250284990687,-1.620000000000001,0,0,0.4
덕산네오룩스,2019,11011,13.36,21.21,97873417668.0,292.70673881935,1.92,0,0,0.4
덕산네오룩스,2019,11012,12.27,17.35,22607135407.0,-76.90165936200727,-1.09,0,0,0.4
덕산네오룩스,2019,11013,11.49,11.11,19336655711.0,-14.466581621780085,-0.7799999999999994,0,0,0.4
덕산네오룩스,2019,11014,13.5,19.5,28189579333.0,45.78311655496796,2.01,0,0,0.4
덕산네오룩스,2020,11011,14.61,27.82,144162647179.0,411.40403862017433,1.1099999999999994,0,0,0.4
덕산네오룩스,2020,11012,13.19,27.45,28267180726.0,-80.39216032784,-1.42,0,0,0.4
덕산네오룩스,2020,11013,17.03,21.6,31790556539.0,12.464546242346763,3.8400000000000016,0,0,0.4
덕산네오룩스,2020,11014,13.36,27.42,40637883090.0,27.83004613381424,-3.6700000000000017,0,0,0.4
덕산네오룩스,2021,11011,17.26,26.64,191358001344.0,370.8857518985495,3.900000000000002,0,0,0.4
덕산네오룩스,2021,11012,14.63,23.54,43267561893.0,-77.38920683268485,-2.630000000000001,0,0,0.4
덕산네오룩스,2021,11013,13.8,27.06,42701394026.0,-1.308527317532071,-0.8300000000000001,0,0,0.4
덕산네오룩스,2021,11014,14.3,27.72,58636425999.0,37.31735775018841,0.5,0,0,0.4
덕산네오룩스,2022,11011,12.86,25.39,176677173188.0,201.30958730501945,-1.4400000000000013,0,0,0.4
덕산네오룩스,2022,11012,17.55,27.72,39308665337.0,-77.75113523286218,4.690000000000001,0,0,0.4
덕산네오룩스,2022,11013,15.69,29.68,41637144790.0,5.923578002553742,-1.8600000000000008,0,0,0.4
덕산네오룩스,2022,11014,15.44,24.52,47071340113.0,13.051315959362151,-0.25,0,0,0.4
덕산네오룩스,2023,11011,14.48,20.11,163702143267.0,247.7745542702093,-0.9599999999999992,0,0,0.4
덕산네오룩스,2023,11012,15.37,20.95,42737050741.0,-73.89340793706323,0.8899999999999988,0,0,0.4
덕산네오룩스,2023,11013,13.24,0.3,28453785527.0,-33.4212702241928,-2.129999999999999,0,0,0.4
덕산네오룩스,2023,11014,14.22,25.88,47038564852.0,65.31566531758936,0.9800000000000004,0,0,0.4
덕산네오룩스,2024,11011,13.36,24.72,212252223722.0,351.2302286216017,-0.8600000000000012,0,0,0.4
덕산네오룩스,2024,11012,15.03,19.06,52708870962.0,-75.16686985054342,1.67,0,0,0.4
덕산네오룩스,2024,11013,14.69,19.57,52483294209.0,-0.4279673399998018,-0.3399999999999998,0,0,0.4
덕산네오룩스,2024,11014,14.9,22.86,54880094446.0,4.566786961686153,0.2100000000000008,0,0,0.4
덕산네오룩스,2025,11011,51.8,17.64,344309797191.0,527.3855769869132,36.9,0,0,0.4
덕산네오룩스,2025,11012,52.39,12.7,80927423415.0,-76.49575351174022,0.5900000000000034,0,0,0.4
덕산네오룩스,2025,11013,50.37,26.09,37944208508.0,-53.11328730507069,-2.020000000000003,0,0,0.4
동국제강,2023,11012,121.49,11.96,430478607727.0,-83.64507684426833,16.319999999999993,0,0,0.2
동국제강,2023,11014,107.6,9.77,1078997293658.0,150.65061870444353,-13.89,0,0,0.2
동국제강,2024,11011,87.68,2.9,3527525783006.0,226.92628644572744,-19.919999999999987,0,0,0.2
동국제강,2024,11012,91.25,4.3,940165881288.0,-73.3477247475472,3.569999999999993,0,0,0.2
동국제강,2024,11013,96.52,5.67,927256594032.0,-1.373086123729006,5.269999999999996,0,0,0.2
동국제강,2024,11014,92.21,2.56,838555735584.0,-9.565945286223432,-4.310000000000002,0,0,0.2
동국제강,2025,11011,119.4,1.85,3203431341223.0,282.01770082605384,27.19000000000001,0,0,0.2
동국제강,2025,11012,103.08,3.35,893658443588.0,-72.10308733363328,-16.320000000000007,0,0,0.2
동국제강,2025,11013,93.24,0.59,725549382880.0,-18.811332440730865,-9.840000000000003,0,0,0.2
동진쎄미켐,2016,11011,233.93,5.94,764955940617.0,7.848439680585817,-50.68000000000001,1,1,0.2
동진쎄미켐,2016,11012,257.78,5.32,188779530547.0,-75.32151585165366,23.84999999999997,1,1,0.2
동진쎄미켐,2016,11013,269.55,8.74,190607921614.0,0.96853247897275,11.77000000000004,1,1,0.2
동진쎄미켐,2016,11014,253.07,4.73,192594434879.0,1.0421986915228445,-16.480000000000018,1,0,0.2
동진쎄미켐,2017,11011,149.32,9.16,785154565399.0,307.67250927696006,-103.75,0,0,0.2
동진쎄미켐,2017,11012,197.16,9.19,195526374559.0,-75.09708493388976,47.84,0,1,0.2
동진쎄미켐,2017,11013,218.87,8.2,195154822609.0,-0.19002651219715,21.710000000000008,1,0,0.2
동진쎄미켐,2017,11014,183.47,10.11,208082022960.0,6.624074249448664,-35.400000000000006,0,0,0.2
동진쎄미켐,2018,11011,148.6,8.58,827231161595.0,297.55051869810984,-34.870000000000005,0,0,0.2
동진쎄미켐,2018,11012,148.04,7.58,214558593479.0,-74.06304266085606,-0.5600000000000023,0,0,0.2
동진쎄미켐,2018,11013,147.84,7.27,200632880545.0,-6.490400924148021,-0.1999999999999886,0,0,0.2
동진쎄미켐,2018,11014,146.96,8.19,225608822837.0,12.448578829230406,-0.8799999999999955,0,0,0.2
동진쎄미켐,2019,11011,133.3,11.98,875254175031.0,287.9521040111813,-13.659999999999997,0,0,0.2
동진쎄미켐,2019,11012,134.87,11.73,214349348817.0,-75.51004554655131,1.5699999999999932,0,0,0.2
동진쎄미켐,2019,11013,146.8,10.93,216354327916.0,0.9353791416048418,11.930000000000009,0,0,0.2
동진쎄미켐,2019,11014,131.09,11.5,216714816684.0,0.1666196241472795,-15.710000000000008,0,0,0.2
동진쎄미켐,2020,11011,119.35,13.46,937800799678.0,332.7349712527697,-11.740000000000007,0,0,0.2
동진쎄미켐,2020,11012,129.24,13.04,223691613792.0,-76.1472144330858,9.890000000000017,0,0,0.2
동진쎄미켐,2020,11013,132.87,13.99,224585896519.0,0.3997837522114578,3.629999999999996,0,0,0.2
동진쎄미켐,2020,11014,114.46,14.26,244233120935.0,8.748200452710897,-18.41000000000001,0,0,0.2
동진쎄미켐,2021,11011,111.43,11.35,1161284077161.0,375.4818153718238,-3.029999999999987,0,0,0.2
동진쎄미켐,2021,11012,112.32,10.34,274663979974.0,-76.34825230313386,0.8899999999999864,0,0,0.2
동진쎄미켐,2021,11013,118.64,11.37,251647747921.0,-8.379778103841184,6.320000000000007,0,0,0.2
동진쎄미켐,2021,11014,112.29,11.65,298605230974.0,18.660005281565795,-6.349999999999994,0,0,0.2
동진쎄미켐,2022,11011,96.11,14.84,1457214808307.0,388.0071268523363,-16.180000000000007,0,0,0.2
동진쎄미켐,2022,11012,110.56,13.56,358724700407.0,-75.38285375896172,14.450000000000005,0,0,0.2
동진쎄미켐,2022,11013,114.27,13.54,348094364437.0,-2.9633688335202746,3.7099999999999937,0,0,0.2
동진쎄미켐,2022,11014,99.72,16.55,377088379418.0,8.32935489429547,-14.549999999999995,0,0,0.2
동진쎄미켐,2023,11011,92.29,13.45,1309924437990.0,247.3786277932361,-7.429999999999993,0,0,0.2
동진쎄미켐,2023,11012,99.24,13.75,331316792617.0,-74.70718287190782,6.949999999999989,0,0,0.2
동진쎄미켐,2023,11013,92.48,14.85,345034994771.0,4.140509162135397,-6.759999999999991,0,0,0.2
동진쎄미켐,2023,11014,96.6,13.77,311050115352.0,-9.84969059198062,4.11999999999999,0,0,0.2
동진쎄미켐,2024,11011,97.66,14.79,1408144175958.0,352.70652748817434,1.0600000000000025,0,0,0.2
동진쎄미켐,2024,11012,94.44,14.06,355414492717.0,-74.76007792488993,-3.219999999999999,0,0,0.2
동진쎄미켐,2024,11013,93.96,14.13,332994453722.0,-6.308138653437534,-0.480000000000004,0,0,0.2
동진쎄미켐,2024,11014,87.63,17.21,359409001319.0,7.932428694158422,-6.329999999999998,0,0,0.2
동진쎄미켐,2025,11011,82.11,14.44,1194144534567.0,232.252261402634,-5.519999999999996,0,0,0.2
동진쎄미켐,2025,11012,84.46,14.29,376841102993.0,-68.44258864111087,2.3499999999999943,0,0,0.2
동진쎄미켐,2025,11013,92.57,15.88,368107777993.0,-2.317508607908469,8.11,0,0,0.2
두산에너빌리티,2016,11011,263.96,5.69,13892680512183.0,-14.265565616971998,-24.02000000000004,1,1,0.2
두산에너빌리티,2016,11012,263.92,7.29,3598417352126.0,-74.09846610256086,-0.0399999999999636,1,1,0.2
두산에너빌리티,2016,11013,280.6,6.88,3308468311881.0,-8.05768236065485,16.680000000000007,1,1,0.2
두산에너빌리티,2016,11014,265.15,5.05,3059197389839.0,-7.534330044717253,-15.450000000000044,1,1,0.2
두산에너빌리티,2017,11011,284.86,5.72,14518845928726.0,374.59657153702335,19.71000000000004,1,1,0.2
두산에너빌리티,2017,11012,265.56,8.0,3824640046365.0,-73.65741006454358,-19.30000000000001,1,1,0.2
두산에너빌리티,2017,11013,283.66,6.89,3437909664631.0,-10.111549767972406,18.100000000000023,1,1,0.2
두산에너빌리티,2017,11014,268.52,5.63,3482596514870.0,1.2998261908605535,-15.140000000000043,1,1,0.2
두산에너빌리티,2018,11011,305.27,6.79,14743600024720.0,323.3507947810703,36.75,1,1,0.2
두산에너빌리티,2018,11012,287.55,9.43,3833352482752.0,-73.99988824761407,-17.71999999999997,1,1,0.2
두산에너빌리티,2018,11013,296.33,8.54,3573712129359.0,-6.773192774764136,8.779999999999973,1,1,0.2
두산에너빌리티,2018,11014,270.43,6.25,3387502880252.0,-5.21052738348009,-25.899999999999977,1,1,0.2
두산에너빌리티,2019,11011,313.86,5.9,15570428849347.0,359.64326525351026,43.43000000000001,1,1,0.2
두산에너빌리티,2019,11012,265.65,9.69,3977644842690.0,-74.45385171355241,-48.21000000000004,1,1,0.2
두산에너빌리티,2019,11013,315.35,8.42,3828732949613.0,-3.743720190370081,49.700000000000045,1,1,0.2
두산에너빌리티,2019,11014,269.22,3.89,3567393413411.0,-6.825744695210867,-46.13,1,1,0.2
두산에너빌리티,2020,11011,259.77,2.68,15243824665369.0,327.3098842438423,-9.450000000000044,1,1,0.2
두산에너빌리티,2020,11012,338.81,-1.4,3604748415449.0,-76.35272974742168,79.04000000000002,1,1,0.2
두산에너빌리티,2020,11013,327.08,1.47,3837035949494.0,6.443931927384372,-11.730000000000018,1,1,0.2
두산에너빌리티,2020,11014,337.81,4.69,3658815321766.0,-4.644747405911131,10.730000000000018,1,0,0.2
두산에너빌리티,2021,11011,169.32,7.78,11283610608993.0,208.39519398171595,-168.49,0,1,0.2
두산에너빌리티,2021,11012,224.16,8.78,2900623250197.0,-74.2934832589383,54.84,1,1,0.2
두산에너빌리티,2021,11013,265.3,9.29,4004663524011.0,38.06217418063576,41.140000000000015,1,0,0.2
두산에너빌리티,2021,11014,198.73,7.02,3460704073837.0,-13.583149917903214,-66.57000000000002,0,0,0.2
두산에너빌리티,2022,11011,128.66,7.17,15421058082388.0,345.6046444124345,-70.07,0,0,0.2
두산에너빌리티,2022,11012,130.75,8.56,3834655752129.0,-75.13364043088286,2.0900000000000034,0,0,0.2
두산에너빌리티,2022,11013,134.24,6.26,3071285050573.0,-19.90715075615789,3.490000000000009,0,0,0.2
두산에너빌리티,2022,11014,128.06,7.94,3960324122229.0,28.946810765419983,-6.180000000000007,0,0,0.2
두산에너빌리티,2023,11011,127.28,8.34,17589887709510.0,344.1527300954811,-0.7800000000000011,0,0,0.2
두산에너빌리티,2023,11012,129.49,10.9,4539361761447.0,-74.19334428728168,2.210000000000008,0,0,0.2
두산에너빌리티,2023,11013,128.62,9.02,4041041770152.0,-10.977754527679506,-0.8700000000000045,0,0,0.2
두산에너빌리티,2023,11014,123.45,7.49,4154979828838.0,2.819521924459445,-5.170000000000002,0,0,0.2
두산에너빌리티,2024,11011,125.66,6.27,16233055000000.0,290.6891409516134,2.2099999999999937,0,0,0.2
두산에너빌리티,2024,11012,124.01,7.46,4150487340491.0,-74.43187779200527,-1.6499999999999917,0,0,0.2
두산에너빌리티,2024,11013,128.01,8.74,4097866699455.0,-1.267818372137841,3.999999999999986,0,0,0.2
두산에너빌리티,2024,11014,122.21,3.38,3395568929747.0,-17.138131159839897,-5.799999999999997,0,0,0.2
두산에너빌리티,2025,11011,129.1,4.47,17057876000000.0,402.35693496202896,6.890000000000001,0,0,0.2
두산에너빌리티,2025,11012,126.22,5.93,4569021000000.0,-73.21459600245657,-2.8799999999999955,0,0,0.2
두산에너빌리티,2025,11013,129.04,3.8,3748574000000.0,-17.956735151797286,2.819999999999993,0,0,0.2
리노공업,2016,11011,7.86,34.86,112788733643.0,13.383595221579082,2.140000000000001,0,0,0.2
리노공업,2016,11012,9.06,37.94,31712464969.0,-71.88330434724392,1.2000000000000002,0,0,0.2
리노공업,2016,11013,14.33,37.39,26574818407.0,-16.200716554270443,5.27,0,0,0.2
리노공업,2016,11014,11.18,33.6,31245596472.0,17.57595477593059,-3.1500000000000004,0,0,0.2
리노공업,2017,11011,8.13,34.74,141510912868.0,352.89874045071167,-3.049999999999999,0,0,0.2
리노공업,2017,11012,12.24,38.62,40509045808.0,-71.37390679842024,4.109999999999999,0,0,0.2
리노공업,2017,11013,16.04,35.62,32704305572.0,-19.266660273836088,3.799999999999999,0,0,0.2
리노공업,2017,11014,10.86,37.08,37150389475.0,13.594796847808755,-5.18,0,0,0.2
리노공업,2018,11011,7.52,34.05,150354373050.0,304.718160898904,-3.34,0,0,0.2
리노공업,2018,11012,10.39,36.37,42497550935.0,-71.73507489478371,2.870000000000001,0,0,0.2
리노공업,2018,11013,15.19,36.72,40328881118.0,-5.103046573947234,4.799999999999999,0,0,0.2
리노공업,2018,11014,10.47,32.92,36032984898.0,-10.652158207490192,-4.719999999999999,0,0,0.2
리노공업,2019,11011,8.51,37.66,170307404665.0,372.6430661991948,-1.9600000000000009,0,0,0.2
리노공업,2019,11012,10.35,37.92,43960093062.0,-74.1877969730847,1.84,0,0,0.2
리노공업,2019,11013,13.52,36.13,32898391859.0,-25.16305228789872,3.17,0,0,0.2
리노공업,2019,11014,10.33,37.39,42299101809.0,28.574983209789483,-3.1899999999999995,0,0,0.2
리노공업,2020,11011,7.17,38.68,201335459350.0,375.9804599613549,-3.16,0,0,0.2
리노공업,2020,11012,11.53,38.2,54787418298.0,-72.78799349360612,4.359999999999999,0,0,0.2
리노공업,2020,11013,17.86,38.45,51881889918.0,-5.303276683336744,6.33,0,0,0.2
리노공업,2020,11014,12.87,38.57,53023432122.0,2.200271049887004,-4.99,0,0,0.2
리노공업,2021,11011,11.65,41.8,280166833067.0,428.3830598184831,-1.2199999999999989,0,0,0.2
리노공업,2021,11012,15.07,43.58,78918876170.0,-71.83147080399517,3.42,0,0,0.2
리노공업,2021,11013,18.46,40.86,68239336655.0,-13.532300551258604,3.390000000000001,0,0,0.2
리노공업,2021,11014,17.11,41.68,76923935247.0,12.726674990859044,-1.3500000000000014,0,0,0.2
리노공업,2022,11011,7.77,42.38,322422803089.0,319.1449671077174,-9.34,0,0,0.2
리노공업,2022,11012,16.91,45.2,91366332146.0,-71.66257123545333,9.14,0,0,0.2
리노공업,2022,11013,24.3,42.03,89286851390.0,-2.2759814333764283,7.390000000000001,0,0,0.2
리노공업,2022,11014,17.88,46.66,90121654927.0,0.934968054090768,-6.420000000000002,0,0,0.2
리노공업,2023,11011,4.63,44.75,255573034656.0,183.5867082811765,-13.25,0,0,0.2
리노공업,2023,11012,8.09,44.67,75130551851.0,-70.60309905067828,3.46,0,0,0.2
리노공업,2023,11013,16.32,35.16,49091082613.0,-34.65896176250889,8.23,0,0,0.2
리노공업,2023,11014,8.65,45.4,73398807119.0,49.51556008170612,-7.67,0,0,0.2
리노공업,2024,11011,5.59,44.65,278186189427.0,279.00641760564633,-3.0600000000000005,0,0,0.2
리노공업,2024,11012,7.34,46.79,70979235277.0,-74.48498955925848,1.75,0,0,0.2
리노공업,2024,11013,14.04,42.48,54852145711.0,-22.720855617932813,6.699999999999999,0,0,0.2
리노공업,2024,11014,6.89,44.49,68935963551.0,25.67596519232545,-7.15,0,0,0.2
리노공업,2025,11011,8.3,47.51,372534084608.0,440.4060020607283,1.410000000000001,0,0,0.2
리노공업,2025,11012,9.97,47.5,112522064123.0,-69.79549824510644,1.67,0,0,0.2
리노공업,2025,11013,14.91,44.56,78410243553.0,-30.31567260685133,4.94,0,0,0.2
메리츠금융지주,2023,11014,856.25,6.35,12736756867512.0,-78.24946395302574,-56.26999999999998,1,1,0.35
메리츠금융지주,2024,11011,957.44,6.85,46574506350960.0,265.6700589909107,101.19000000000004,1,1,0.35
메리츠금융지주,2024,11012,924.09,8.96,11222749598651.0,-75.90366387550627,-33.35000000000002,1,1,0.35
메리츠금융지주,2024,11013,945.58,6.13,12563849568546.0,11.949834201559684,21.49000000000001,1,1,0.35
메리츠금융지주,2024,11014,943.3,8.27,10906897828909.0,-13.188248797448454,-2.2800000000000864,1,1,0.35
메리츠금융지주,2025,11012,999.95,10.16,9351455876300.0,-14.261084838314552,56.65000000000009,1,1,0.35
메리츠금융지주,2025,11013,1010.13,8.77,8230277845059.0,-11.989342045472018,10.17999999999995,1,1,0.35
삼부토건,2016,11011,299.31,-8.99,390337422991.0,-26.07894550854436,-200.69,1,1,0.2
삼부토건,2016,11012,963.86,-5.63,114974563552.0,-70.54482691641611,664.55,1,1,0.2
삼부토건,2016,11013,462.02,-8.56,83323467359.0,-27.528781336651942,-501.84,1,1,0.2
삼부토건,2016,11014,913.18,-21.28,79988379924.0,-4.002578794075795,451.16,1,1,0.2
삼부토건,2017,11011,210.62,-6.9,280423782241.0,250.5806499737103,-702.56,1,1,0.2
삼부토건,2017,11012,267.26,-1.58,84648080353.0,-69.81422913686676,56.63999999999999,1,1,0.2
삼부토건,2017,11013,268.58,-1.26,92911339878.0,9.76189830949561,1.3199999999999932,1,1,0.2
삼부토건,2017,11014,174.23,-18.84,49027689683.0,-47.231748301792585,-94.35,1,1,0.2
삼부토건,2018,11011,128.48,-5.28,177427227023.0,261.8918781818953,-45.75,1,1,0.2
삼부토건,2018,11012,139.09,-5.1,46529701771.0,-73.77533169417774,10.610000000000014,1,1,0.2
삼부토건,2018,11013,213.59,-4.08,38509349908.0,-17.23705839008568,74.5,1,1,0.2
삼부토건,2018,11014,109.38,-5.97,40598133336.0,5.424094234231869,-104.21,1,0,0.2
삼부토건,2019,11011,119.49,2.19,226287328070.0,457.38357770587913,10.11,0,0,0.2
삼부토건,2019,11012,104.3,7.41,46207416429.0,-79.58020149731666,-15.189999999999998,0,1,0.2
삼부토건,2019,11013,98.5,-3.76,38969617850.0,-15.663716213437803,-5.799999999999997,1,0,0.2
삼부토건,2019,11014,95.7,2.05,55610062462.0,42.70107209172953,-2.799999999999997,0,1,0.2
삼부토건,2020,11011,189.53,-2.07,379362245615.0,582.1827360367189,93.83,1,0,0.2
삼부토건,2020,11012,113.84,2.46,90026293429.0,-76.26904246018087,-75.69,0,0,0.2
삼부토건,2020,11013,115.15,0.84,83697557898.0,-7.029874595460505,1.3100000000000025,0,0,0.2
삼부토건,2020,11014,129.34,0.87,116891070578.0,39.65887836351456,14.189999999999998,0,1,0.2
삼부토건,2021,11011,152.49,-1.22,357047939605.0,205.4535627396331,23.15000000000001,1,0,0.2
삼부토건,2021,11012,155.84,4.15,89730206913.0,-74.86886298454264,3.3499999999999943,0,1,0.2
삼부토건,2021,11013,167.52,-1.7,80663658111.0,-10.104232581109152,11.680000000000009,1,0,0.2
삼부토건,2021,11014,126.97,0.32,90011005190.0,11.588052535551084,-40.55000000000001,0,1,0.2
삼부토건,2022,11011,162.58,-18.77,436292508722.0,384.7101838281337,35.610000000000014,1,1,0.2
삼부토건,2022,11012,120.17,-3.77,112955753870.0,-74.11008632697519,-42.41000000000001,1,0,0.2
삼부토건,2022,11013,111.6,7.06,84887655524.0,-24.84875483041208,-8.570000000000007,0,1,0.2
삼부토건,2022,11014,110.9,-5.88,126359171369.0,48.85458973863979,-0.6999999999999886,1,1,0.2
삼부토건,2023,11011,403.04,-13.59,574975687073.0,355.03280912940534,292.14,1,1,0.2
삼부토건,2023,11012,221.18,-9.78,155708059546.0,-72.91919240295964,-181.86,1,0,0.2
삼부토건,2023,11013,194.04,4.85,176480328197.0,13.34052245694024,-27.14000000000001,0,1,0.2
삼부토건,2023,11014,236.67,-14.62,129008388459.0,-26.89928119637698,42.63,1,1,0.2
삼부토건,2024,11011,3817.06,-24.35,462425746422.0,258.4462622513597,3580.39,1,1,0.2
삼부토건,2024,11012,621.49,-31.08,88150172124.0,-80.93744286384175,-3195.57,1,1,0.2
삼부토건,2024,11013,421.93,-11.67,116371241226.0,32.0147634678486,-199.56,1,1,0.2
삼부토건,2024,11014,838.46,-41.67,64324605691.0,-44.72465446503426,416.53,1,1,0.2
삼부토건,2025,11011,500.0,-23.97,110992936772.0,72.55128978976333,-338.46000000000004,1,1,0.2
삼부토건,2025,11012,500.0,-72.69,41607036496.0,-62.51379798926436,0.0,1,1,0.2
삼부토건,2025,11013,500.0,-593.72,4949792774.0,-88.10347193442661,0.0,1,1,0.2
삼성바이오로직스,2017,11012,76.87,-13.42,63217072788.0,-86.3940848882039,-3.769999999999996,1,0,0.4
삼성바이오로직스,2017,11013,78.52,3.17,107648320158.0,70.28362024765251,1.6499999999999917,0,0,0.4
삼성바이오로직스,2017,11014,78.1,16.06,127452565689.0,18.39717099340934,-0.4200000000000017,0,0,0.4
삼성바이오로직스,2018,11011,43.92,10.39,535805801067.0,320.3962455918168,-34.17999999999999,0,0,0.4
삼성바이오로직스,2018,11012,92.55,18.91,125429898672.0,-76.59041794205666,48.63,0,0,0.4
삼성바이오로직스,2018,11013,86.52,7.63,131035338713.0,4.468982356159157,-6.030000000000001,0,0,0.4
삼성바이오로직스,2018,11014,93.09,10.35,101066401956.0,-22.87088128389505,6.570000000000007,0,0,0.4
삼성바이오로직스,2019,11011,35.76,13.08,701591859755.0,594.1890145257602,-57.330000000000005,0,1,0.4
삼성바이오로직스,2019,11012,42.0,-19.76,78081654897.0,-88.87078665304546,6.240000000000002,1,1,0.4
삼성바이오로직스,2019,11013,43.03,-18.66,125365289061.0,60.55664960786673,1.0300000000000011,1,0,0.4
삼성바이오로직스,2019,11014,39.49,12.77,184817914253.0,47.42351382691877,-3.539999999999999,0,0,0.4
삼성바이오로직스,2020,11011,39.69,25.14,1164776873641.0,530.2294224825628,0.1999999999999957,0,0,0.4
삼성바이오로직스,2020,11012,35.78,26.36,307691125961.0,-73.58368517403835,-3.9099999999999966,0,0,0.4
삼성바이오로직스,2020,11013,35.37,30.2,207197182334.0,-32.66065711616839,-0.4100000000000037,0,0,0.4
삼성바이오로직스,2020,11014,36.42,20.59,274582011290.0,32.52207785691614,1.0500000000000045,0,0,0.4
삼성바이오로직스,2021,11011,59.68,34.27,1568006928039.0,471.0523135410164,23.26,0,0,0.4
삼성바이오로직스,2021,11012,38.28,40.46,412162733679.0,-73.71422751336539,-21.4,0,0,0.4
삼성바이오로직스,2021,11013,39.04,28.49,260797315576.0,-36.724673468631984,0.759999999999998,0,0,0.4
삼성바이오로직스,2021,11014,54.57,37.14,450733193140.0,72.82892354336754,15.53,0,0,0.4
삼성바이오로직스,2022,11011,84.56,32.77,3001295197683.0,565.8695750305619,29.99,0,0,0.4
삼성바이오로직스,2022,11012,84.67,26.05,651423185272.0,-78.29526446532488,0.1099999999999994,0,0,0.4
삼성바이오로직스,2022,11013,85.07,34.5,511303826776.0,-21.50972849354349,0.3999999999999915,0,0,0.4
삼성바이오로직스,2022,11014,86.88,37.2,873041212601.0,70.74803020855849,1.8100000000000025,0,0,0.4
삼성바이오로직스,2023,11011,63.23,30.14,3694588767068.0,323.1860665616152,-23.65,0,0,0.4
삼성바이오로직스,2023,11012,68.64,29.26,866184569567.0,-76.5553184893593,5.410000000000004,0,0,0.4
삼성바이오로직스,2023,11013,79.5,26.6,720922039328.0,-16.770389977232657,10.86,0,0,0.4
삼성바이오로직스,2023,11014,66.43,30.81,1033973428953.0,43.42375077294178,-13.069999999999991,0,0,0.4
삼성바이오로직스,2024,11011,58.98,29.03,4547322176421.0,339.79100904223543,-7.45000000000001,0,0,0.4
삼성바이오로직스,2024,11012,58.23,37.56,1156904189162.0,-74.558561186607,-0.75,0,0,0.4
삼성바이오로직스,2024,11013,65.06,23.37,946903318921.0,-18.151967311408345,6.830000000000005,0,0,0.4
삼성바이오로직스,2024,11014,51.31,28.52,1187075475928.0,25.3639576721177,-13.75,0,0,0.4
삼성바이오로직스,2025,11011,48.44,45.41,4556971695180.0,283.88222043064053,-2.8700000000000045,0,0,0.4
삼성바이오로직스,2025,11012,53.18,36.87,1289905421405.0,-71.69380220708067,4.740000000000002,0,0,0.4
삼성바이오로직스,2025,11013,54.58,37.49,1298272949854.0,0.6486931762706982,1.3999999999999986,0,0,0.4
삼성전자,2016,11011,35.87,14.49,201866745000000.0,0.604655841457058,0.6199999999999974,0,0,0.4
삼성전자,2016,11012,34.16,15.99,50937120000000.0,-74.76695827239895,-1.7100000000000009,0,0,0.4
삼성전자,2016,11013,35.28,13.41,49782252000000.0,-2.2672424353791465,1.1200000000000043,0,0,0.4
삼성전자,2016,11014,36.17,10.88,47815633000000.0,-3.9504420169662047,0.8900000000000006,0,0,0.4
삼성전자,2017,11011,40.68,22.39,239575376000000.0,401.0398502933131,4.509999999999998,0,0,0.4
삼성전자,2017,11012,38.31,23.06,61000537000000.0,-74.53806062272443,-2.369999999999997,0,0,0.4
삼성전자,2017,11013,39.2,19.58,50547526000000.0,-17.13593275416575,0.8900000000000006,0,0,0.4
삼성전자,2017,11014,40.76,23.42,62048901000000.0,22.753586397086977,1.5599999999999952,0,0,0.4
삼성전자,2018,11011,36.97,24.16,243771415000000.0,292.8698350354344,-3.789999999999999,0,0,0.4
삼성전자,2018,11012,36.7,25.42,58482658000000.0,-76.00922241026495,-0.269999999999996,0,0,0.4
삼성전자,2018,11013,39.96,25.83,60563714000000.0,3.5584155562833786,3.259999999999998,0,0,0.4
삼성전자,2018,11014,39.28,26.85,65459993000000.0,8.08450915014889,-0.6799999999999997,0,0,0.4
삼성전자,2019,11011,34.12,12.05,230400881000000.0,251.97205260929377,-5.160000000000004,0,0,0.4
삼성전자,2019,11012,33.05,11.75,56127104000000.0,-75.63937092757905,-1.0700000000000005,0,0,0.4
삼성전자,2019,11013,36.27,11.9,52385546000000.0,-6.6662231495143605,3.220000000000006,0,0,0.4
삼성전자,2019,11014,34.14,12.54,62003471000000.0,18.35988308683467,-2.1300000000000026,0,0,0.4
삼성전자,2020,11011,37.07,15.2,236806988000000.0,281.9253731778984,2.93,0,0,0.4
삼성전자,2020,11012,32.67,15.38,52966142000000.0,-77.6332014323834,-4.399999999999999,0,0,0.4
삼성전자,2020,11013,34.19,11.65,55325178000000.0,4.453856578793292,1.519999999999996,0,0,0.4
삼성전자,2020,11014,36.09,18.45,66964160000000.0,21.03740542868204,1.9000000000000057,0,0,0.4
삼성전자,2021,11011,39.92,18.47,279604799000000.0,317.5439503758429,3.8299999999999983,0,0,0.4
삼성전자,2021,11012,36.29,19.74,63671585000000.0,-77.2280070915378,-3.6300000000000026,0,0,0.4
삼성전자,2021,11013,43.23,14.35,65388503000000.0,2.696521533114016,6.939999999999998,0,0,0.4
삼성전자,2021,11014,38.3,21.38,73979187000000.0,13.137912027134192,-4.93,0,0,0.4
삼성전자,2022,11011,26.41,14.35,302231360000000.0,308.5356601715561,-11.889999999999995,0,0,0.4
삼성전자,2022,11012,36.64,18.26,77203607000000.0,-74.45546120693763,10.23,0,0,0.4
삼성전자,2022,11013,39.34,18.16,77781498000000.0,0.7485284981568308,2.700000000000003,0,0,0.4
삼성전자,2022,11014,36.35,14.13,76781680000000.0,-1.2854188022966562,-2.990000000000002,0,0,0.4
삼성전자,2023,11011,25.36,2.54,258935494000000.0,237.23603599191887,-10.990000000000002,0,0,0.4
삼성전자,2023,11012,24.8,1.11,60005533000000.0,-76.82606888957449,-0.5599999999999987,0,0,0.4
삼성전자,2023,11013,26.21,1.0,63745371000000.0,6.232488594010155,1.41,0,0,0.4
삼성전자,2023,11014,24.89,3.61,67404652000000.0,5.740465452777732,-1.3200000000000005,0,0,0.4
삼성전자,2024,11011,27.93,10.88,300870903000000.0,346.3651900465267,3.039999999999999,0,0,0.4
삼성전자,2024,11012,26.66,14.1,74068302000000.0,-75.38203220668368,-1.2699999999999996,0,0,0.4
삼성전자,2024,11013,26.61,9.19,71915601000000.0,-2.9063728232895047,-0.0500000000000007,0,0,0.4
삼성전자,2024,11014,27.19,11.61,79098731000000.0,9.9882777869019,0.5800000000000018,0,0,0.4
삼성전자,2025,11011,29.94,13.07,333605938000000.0,321.758900278691,2.75,0,0,0.4
삼성전자,2025,11012,26.36,6.27,74566317000000.0,-77.64838436418958,-3.580000000000002,0,0,0.4
삼성전자,2025,11013,26.99,8.45,79140503000000.0,6.134386387891455,0.629999999999999,0,0,0.4
삼성중공업,2016,11011,174.37,-1.41,10414188640168.0,7.20316007306403,-131.21999999999997,1,1,0.2
삼성중공업,2016,11012,263.48,-10.43,2720823615657.0,-73.87387813235244,89.11000000000001,1,1,0.2
삼성중공업,2016,11013,254.28,0.24,2530057148284.0,-7.011350029279106,-9.200000000000015,1,1,0.2
삼성중공업,2016,11014,222.78,3.03,2777818412404.0,9.792714140391778,-31.5,1,1,0.2
삼성중공업,2017,11011,138.35,-6.63,7901235154581.0,184.44030463974983,-84.43,1,0,0.2
삼성중공업,2017,11012,136.9,0.9,2299712688815.0,-70.89426344333435,-1.4499999999999886,0,0,0.2
삼성중공업,2017,11013,149.11,1.13,2436973279878.0,5.968597370036166,12.210000000000008,0,0,0.2
삼성중공업,2017,11014,116.25,1.35,1751906365670.0,-28.11138389840269,-32.860000000000014,0,1,0.2
삼성중공업,2018,11011,111.72,-7.77,5265119547241.0,200.5365840558154,-4.530000000000001,1,1,0.2
삼성중공업,2018,11012,104.97,-7.47,1346584570241.0,-74.4244255394613,-6.75,1,1,0.2
삼성중공업,2018,11013,146.04,-3.85,1240829943687.0,-7.85354510152102,41.06999999999999,1,1,0.2
삼성중공업,2018,11014,102.18,-9.69,1313767428910.0,5.878120978147394,-43.85999999999999,1,1,0.2
삼성중공업,2019,11011,159.1,-8.39,7349656035614.0,459.4335704997517,56.91999999999999,1,1,0.2
삼성중공업,2019,11012,130.56,-3.18,1770408499941.0,-75.91168224251331,-28.539999999999992,1,1,0.2
삼성중공업,2019,11013,119.93,-2.29,1457458615957.0,-17.676704782790488,-10.629999999999995,1,1,0.2
삼성중공업,2019,11014,162.12,-15.88,1964640263739.0,34.79904281528936,42.19,1,1,0.2
삼성중공업,2020,11011,247.54,-15.37,6860317642496.0,249.1895065532152,85.41999999999999,1,1,0.2
삼성중공업,2020,11012,211.03,-41.84,1691504813290.0,-75.34363711073621,-36.50999999999999,1,1,0.2
삼성중공업,2020,11013,180.85,-2.62,1826635992012.0,7.988814318486503,-30.180000000000007,1,1,0.2
삼성중공업,2020,11014,208.65,-0.8,1676819759948.0,-8.201756273234306,27.80000000000001,1,1,0.2
삼성중공업,2021,11011,196.26,-19.81,6622001487326.0,294.91432803316656,-12.390000000000017,1,1,0.2
삼성중공업,2021,11012,322.23,-25.53,1715463002783.0,-74.09449384651658,125.97000000000004,1,1,0.2
삼성중공업,2021,11013,261.86,-32.18,1574630475421.0,-8.209592811592382,-60.370000000000005,1,1,0.2
삼성중공업,2021,11014,318.26,-7.42,1485393333735.0,-5.667179892612017,56.39999999999998,1,1,0.2
삼성중공업,2022,11011,305.71,-14.37,5944667452285.0,300.2083028969316,-12.550000000000011,1,1,0.2
삼성중공업,2022,11012,226.45,-17.93,1426146296117.0,-76.00965390303169,-79.25999999999999,1,1,0.2
삼성중공업,2022,11013,204.62,-6.4,1483845987668.0,4.045846608310821,-21.829999999999984,1,1,0.2
삼성중공업,2022,11014,275.39,-11.99,1400129051864.0,-5.64188847762892,70.76999999999998,1,1,0.2
삼성중공업,2023,11011,357.39,2.91,8009429912108.0,472.04940512054935,82.0,1,1,0.2
삼성중공업,2023,11012,303.98,3.03,1945786579939.0,-75.7063036783989,-53.40999999999997,1,1,0.2
삼성중공업,2023,11013,293.82,1.22,1605051963194.0,-17.511407482093023,-10.160000000000023,1,1,0.2
삼성중공업,2023,11014,328.68,3.75,2025430336171.0,26.19095098581488,34.860000000000014,1,1,0.2
삼성중공업,2024,11011,358.59,5.08,9903077919464.0,388.9369800881623,29.909999999999968,1,1,0.2
삼성중공업,2024,11012,328.18,5.16,2531955020493.0,-74.43264567759716,-30.409999999999968,1,1,0.2
삼성중공업,2024,11013,345.52,3.32,2347795521953.0,-7.273411140776986,17.339999999999975,1,1,0.2
삼성중공업,2024,11014,304.05,5.16,2322956355625.0,-1.0579782649614122,-41.46999999999997,1,1,0.2
삼성중공업,2025,11011,265.05,8.1,10650010702818.0,358.46796376648126,-39.0,1,1,0.2
삼성중공업,2025,11012,286.31,7.63,2682977392293.0,-74.80774933321821,21.25999999999999,1,1,0.2
삼성중공업,2025,11013,327.56,4.93,2494285868057.0,-7.032915177668908,41.25,1,1,0.2
삼환기업,2018,11011,93.25,-9.99,167878905279.0,-63.98736518017258,-406.75,1,1,0.2
삼환기업,2018,11012,122.07,-6.87,44149703549.0,-73.70145851521544,28.819999999999997,1,1,0.2
솔브레인,2020,11014,40.7,23.54,230510727181.0,-50.962210443251685,-0.4599999999999937,0,0,0.2
솔브레인,2021,11012,23.53,17.72,243491495460.0,5.6313076782788185,-17.17,0,0,0.2
솔브레인,2021,11013,35.97,21.12,239178113407.0,-1.771471338188313,12.439999999999998,0,0,0.2
솔브레인,2021,11014,20.7,18.33,275900397654.0,15.35353035606195,-15.27,0,0,0.2
솔브레인,2023,11011,8.34,15.82,844029122465.0,205.91805218181543,-12.36,0,0,0.2
솔브레인,2024,11011,12.62,19.45,863356156458.0,2.2898539254848416,4.279999999999999,0,0,0.2
솔브레인,2024,11012,9.77,21.16,216280346684.0,-74.94888464439629,-2.85,0,0,0.2
솔브레인,2024,11013,12.75,21.85,210709760712.0,-2.575632070785882,2.9800000000000004,0,0,0.2
솔브레인,2024,11014,10.25,18.06,219902841661.0,4.362911769220412,-2.5,0,0,0.2
솔브레인,2025,11011,30.15,14.47,923381966875.0,319.90451778630324,19.9,0,0,0.2
솔브레인,2025,11012,25.85,8.81,228825971310.0,-75.21870910210481,-4.299999999999997,0,0,0.2
솔브레인,2025,11013,21.96,17.21,209470158720.0,-8.458748139116556,-3.890000000000001,0,0,0.2
스튜디오드래곤,2018,11011,27.68,10.51,379606273010.0,32.364506685223304,2.9800000000000004,0,0,0.4
스튜디오드래곤,2018,11012,23.48,9.86,74288880547.0,-80.43001767121932,-4.199999999999999,0,0,0.4
스튜디오드래곤,2018,11013,21.21,13.34,79873811564.0,7.517855937358764,-2.27,0,0,0.4
스튜디오드래곤,2018,11014,22.73,17.36,123723507122.0,54.89871423359436,1.5199999999999996,0,0,0.4
스튜디오드래곤,2019,11011,35.8,6.12,468660678163.0,278.79679380642506,13.069999999999997,0,0,0.4
스튜디오드래곤,2019,11012,35.89,8.41,128243857564.0,-72.63609610546484,0.0900000000000034,0,0,0.4
스튜디오드래곤,2019,11013,25.23,9.86,111827631881.0,-12.800789055185346,-10.66,0,0,0.4
스튜디오드래곤,2019,11014,35.97,8.32,131150081120.0,17.278778879590106,10.739999999999998,0,0,0.4
스튜디오드래곤,2020,11011,24.28,9.34,525729451263.0,300.8609424968383,-11.689999999999998,0,0,0.4
스튜디오드래곤,2020,11012,40.97,10.44,161443614423.0,-69.29150268543037,16.689999999999998,0,0,0.4
스튜디오드래곤,2020,11013,38.31,9.67,120300955038.0,-25.48422836793143,-2.6599999999999966,0,0,0.4
스튜디오드래곤,2020,11014,38.01,15.07,106272498529.0,-11.661134780325533,-0.3000000000000042,0,0,0.4
스튜디오드래곤,2021,11011,29.27,10.79,487113525190.0,358.3627297113701,-8.739999999999998,0,0,0.4
스튜디오드래곤,2021,11012,24.43,13.01,106022061035.0,-78.23463000875498,-4.84,0,0,0.4
스튜디오드래곤,2021,11013,22.35,15.26,117107072522.0,10.45538200143139,-2.0799999999999983,0,0,0.4
스튜디오드래곤,2021,11014,22.73,12.55,116085167196.0,-0.87262477320319,0.379999999999999,0,0,0.4
스튜디오드래곤,2022,11011,65.07,9.34,697945822981.0,501.2360061493278,42.33999999999999,0,0,0.4
스튜디오드래곤,2022,11012,51.62,17.14,157477524502.0,-77.43699878747078,-13.449999999999996,0,0,0.4
스튜디오드래곤,2022,11013,43.01,14.95,121101870825.0,-23.09894938470285,-8.61,0,0,0.4
스튜디오드래곤,2022,11014,65.8,8.27,228881892410.0,88.99946867109021,22.79,0,0,0.4
스튜디오드래곤,2023,11011,54.32,7.42,753145749935.0,229.0543179299992,-11.479999999999997,0,0,0.4
스튜디오드래곤,2023,11012,67.03,9.94,163487100949.0,-78.2927672415187,12.71,0,0,0.4
스튜디오드래곤,2023,11013,63.96,10.24,211147926843.0,29.152652177047187,-3.0700000000000003,0,0,0.4
스튜디오드래곤,2023,11014,59.67,10.05,217412308932.0,2.9668214993452846,-4.289999999999999,0,0,0.4
스튜디오드래곤,2024,11011,25.13,6.62,550080744350.0,153.01269603923328,-34.540000000000006,0,0,0.4
스튜디오드래곤,2024,11012,42.43,7.62,137120041113.0,-75.07274295248652,17.3,0,0,0.4
스튜디오드래곤,2024,11013,48.92,11.21,192070613610.0,40.07479289749882,6.490000000000002,0,1,0.4
스튜디오드래곤,2024,11014,27.04,-1.04,90319846748.0,-52.975707709564176,-21.880000000000003,1,0,0.4
스튜디오드래곤,2025,11011,29.27,5.72,530685384145.0,487.5623168689126,2.2300000000000004,0,1,0.4
스튜디오드래곤,2025,11012,27.59,-2.55,114491407434.0,-78.42574699537657,-1.6799999999999995,1,0,0.4
스튜디오드래곤,2025,11013,25.89,3.19,133800053446.0,16.86471189825378,-1.6999999999999993,0,0,0.4
신세계건설,2016,11011,473.95,3.61,1438181739615.0,32.47891300464352,-155.92000000000002,1,1,0.2
신세계건설,2016,11012,568.34,3.9,373706235530.0,-74.01536779141412,94.39000000000004,1,1,0.2
신세계건설,2016,11013,591.4,5.13,315057732999.0,-15.69374469971665,23.059999999999945,1,1,0.2
신세계건설,2016,11014,516.14,4.12,393079312351.0,24.76421658002841,-75.25999999999999,1,1,0.2
신세계건설,2017,11011,324.96,2.32,1064425414090.0,170.7915122074707,-191.18,1,1,0.2
신세계건설,2017,11012,374.6,0.59,270022616209.0,-74.63207730342965,49.64000000000004,1,1,0.2
신세계건설,2017,11013,438.58,3.21,293130976179.0,8.557934996124139,63.97999999999996,1,1,0.2
신세계건설,2017,11014,307.08,3.93,293161116934.0,0.0102823507064586,-131.5,1,1,0.2
신세계건설,2018,11011,286.96,2.02,1084268562070.0,269.8541516725439,-20.120000000000005,1,1,0.2
신세계건설,2018,11012,363.72,1.6,281552832248.0,-74.0329248585349,76.76000000000005,1,1,0.2
신세계건설,2018,11013,344.38,0.7,195001795782.0,-30.740602314297902,-19.340000000000032,1,1,0.2
신세계건설,2018,11014,363.5,2.36,287067787756.0,47.212894427353945,19.120000000000005,1,1,0.2
신세계건설,2019,11011,293.63,2.39,1016153925439.0,253.97699385996728,-69.87,1,1,0.2
신세계건설,2019,11012,328.09,-0.74,265214608386.0,-73.90015412562406,34.45999999999998,1,1,0.2
신세계건설,2019,11013,283.09,2.34,217768505969.0,-17.889701742200327,-45.0,1,1,0.2
신세계건설,2019,11014,309.95,5.46,265345873182.0,21.84768040782388,26.860000000000014,1,1,0.2
신세계건설,2020,11011,278.28,2.16,956756075135.0,260.56941970179565,-31.670000000000016,1,1,0.2
신세계건설,2020,11012,298.66,1.34,264740027535.0,-72.3294124369532,20.38000000000005,1,1,0.2
신세계건설,2020,11013,287.99,2.13,227517292839.0,-14.06010834197672,-10.670000000000016,1,1,0.2
신세계건설,2020,11014,300.67,3.67,206426979101.0,-9.269762959479444,12.680000000000009,1,1,0.2
신세계건설,2021,11011,266.59,3.06,1256750439597.0,508.8111375122632,-34.08000000000004,1,1,0.2
신세계건설,2021,11012,320.83,4.35,355294244901.0,-71.72913303177904,54.24000000000001,1,1,0.2
신세계건설,2021,11013,308.84,3.62,260327920636.0,-26.728922752875334,-11.990000000000007,1,1,0.2
신세계건설,2021,11014,260.46,3.83,286696656477.0,10.129046387563534,-48.38,1,1,0.2
신세계건설,2022,11011,268.54,-0.84,1432384948018.0,399.6169001827588,8.080000000000041,1,1,0.2
신세계건설,2022,11012,311.24,1.42,395953984238.0,-72.35701305114355,42.69999999999999,1,1,0.2
신세계건설,2022,11013,247.65,0.59,253498039594.0,-35.97790407846296,-63.59,1,1,0.2
신세계건설,2022,11014,255.88,1.9,345482814041.0,36.28618769372809,8.22999999999999,1,1,0.2
신세계건설,2023,11011,970.49,-12.5,1502628133685.0,334.9357110153318,714.61,1,1,0.2
신세계건설,2023,11012,408.03,-6.34,487003627602.0,-67.58987691733903,-562.46,1,1,0.2
신세계건설,2023,11013,267.96,-3.09,352247068389.0,-27.67054526401367,-140.07,1,1,0.2
신세계건설,2023,11014,467.85,-15.13,320802890142.0,-8.926739515763682,199.89000000000004,1,1,0.2
신세계건설,2024,11011,209.5,-14.04,954969919960.0,197.6812084009881,-258.35,1,1,0.2
신세계건설,2024,11012,161.09,-13.19,249941961836.0,-73.82724244901146,-48.41,1,1,0.2
신세계건설,2024,11013,806.87,-17.94,174867204717.0,-30.03687598813859,645.78,1,1,0.2
신세계건설,2024,11014,160.84,-23.77,227167605672.0,29.908638981015013,-646.03,1,1,0.2
신세계건설,2025,11011,493.92,-18.24,1087621328274.0,378.7748345793552,333.08000000000004,1,1,0.2
신세계건설,2025,11012,259.83,-6.75,305343787009.0,-71.92554255132481,-234.09000000000003,1,1,0.2
신세계건설,2025,11013,225.19,-5.89,274037382379.0,-10.252838263605224,-34.639999999999986,1,1,0.2
심텍,2016,11011,235.51,5.08,792025672214.0,100.27417947305062,-18.51000000000002,1,1,0.2
심텍,2016,11012,260.39,3.23,186741097953.0,-76.4223427971734,24.879999999999995,1,1,0.2
심텍,2016,11013,266.8,3.19,197836103062.0,5.941383675377376,6.410000000000025,1,1,0.2
심텍,2016,11014,245.11,5.67,202529999345.0,2.372618652687964,-21.69,1,1,0.2
심텍,2017,11011,239.07,4.17,811565474629.0,300.7137101928972,-6.0400000000000205,1,1,0.2
심텍,2017,11012,210.58,3.98,199429469850.0,-75.42657048820769,-28.48999999999998,1,1,0.2
심텍,2017,11013,233.87,2.8,190908529157.0,-4.272658749686786,23.289999999999992,1,1,0.2
심텍,2017,11014,216.09,5.38,216290023160.0,13.295107408284878,-17.78,1,1,0.2
심텍,2018,11011,279.06,3.05,1007545638572.0,365.8308431668486,62.97,1,1,0.2
심텍,2018,11012,258.69,3.25,249353581760.0,-75.25138592099806,-20.370000000000005,1,1,0.2
심텍,2018,11013,254.83,2.47,244399846032.0,-1.9866310694377387,-3.859999999999985,1,1,0.2
심텍,2018,11014,266.21,4.23,263249072827.0,7.712454447508943,11.379999999999969,1,1,0.2
심텍,2019,11011,420.02,-1.79,1000187191029.0,279.93949239331045,153.81,1,1,0.2
심텍,2019,11012,407.57,-3.52,233347364276.0,-76.66963080821596,-12.449999999999989,1,1,0.2
심텍,2019,11013,337.73,-9.86,205458744518.0,-11.951546932843748,-69.83999999999997,1,1,0.2
심텍,2019,11014,425.04,0.24,268125956651.0,30.50111703934304,87.31,1,0,0.2
심텍,2020,11011,170.48,7.47,1201374703500.0,348.0635588234905,-254.56000000000003,0,1,0.2
심텍,2020,11012,241.83,9.54,321787098435.0,-73.21509288504842,71.35000000000002,1,1,0.2
심텍,2020,11013,411.72,4.7,290246568158.0,-9.801676459496434,169.89,1,0,0.2
심텍,2020,11014,188.54,9.88,310566064565.0,7.000770598582506,-223.18000000000004,0,0,0.2
심텍,2021,11011,124.89,12.76,1365832876122.0,339.7881906495736,-63.64999999999999,0,0,0.2
심텍,2021,11012,166.65,9.61,324710785949.0,-76.22617000764038,41.760000000000005,0,0,0.2
심텍,2021,11013,175.45,5.41,283090614999.0,-12.817612703674396,8.799999999999983,0,0,0.2
심텍,2021,11014,134.39,13.77,365957449742.0,29.272194255995636,-41.06,0,0,0.2
심텍,2022,11011,106.71,20.76,1697452348000.0,363.8387192819012,-27.679999999999996,0,0,0.2
심텍,2022,11012,122.95,24.03,477436780729.0,-71.87333233292037,16.24000000000001,0,0,0.2
심텍,2022,11013,142.49,20.3,417686495725.0,-12.514805606884138,19.540000000000006,0,0,0.2
심텍,2022,11014,103.13,24.59,474349265778.0,13.565861150154612,-39.360000000000014,0,1,0.2
심텍,2023,11011,149.99,-8.46,1041895724977.0,119.64737802811678,46.860000000000014,1,1,0.2
심텍,2023,11012,112.87,-8.51,253728047464.0,-75.64746246851132,-37.120000000000005,1,1,0.2
심텍,2023,11013,123.54,-15.77,203941104174.0,-19.622167824021897,10.670000000000002,1,1,0.2
심텍,2023,11014,118.25,-1.93,287191374087.0,40.82074099293487,-5.290000000000006,1,1,0.2
심텍,2024,11011,221.82,-3.81,1231421381070.0,328.78076856756866,103.57,1,1,0.2
심텍,2024,11012,217.2,1.16,311661006046.0,-74.69095381670301,-4.6200000000000045,1,1,0.2
심텍,2024,11013,200.66,-5.08,293867190765.0,-5.709349240300432,-16.539999999999992,1,1,0.2
심텍,2024,11014,211.49,0.16,324781039660.0,10.51966666116233,10.830000000000013,1,0,0.2
심텍,2025,11011,181.13,0.84,1410559919451.0,334.311042580459,-30.360000000000014,0,1,0.2
심텍,2025,11012,243.51,1.63,340767377716.0,-75.84169427920303,62.38,1,1,0.2
심텍,2025,11013,250.22,-5.38,303597471102.0,-10.90770685361141,6.710000000000008,1,0,0.2
아모레퍼시픽,2016,11011,32.98,15.02,5645440160699.0,18.436787860122703,1.2299999999999969,0,0,0.2
아모레퍼시픽,2016,11012,28.82,16.67,1443429626774.0,-74.43193824243318,-4.159999999999997,0,0,0.2
아모레퍼시픽,2016,11013,35.13,22.75,1485058189224.0,2.8840036034897043,6.310000000000002,0,0,0.2
아모레퍼시픽,2016,11014,30.62,11.96,1400920749941.0,-5.665598822559614,-4.510000000000002,0,0,0.2
아모레퍼시픽,2017,11011,28.75,11.64,5123825882104.0,265.74701904585186,-1.870000000000001,0,0,0.2
아모레퍼시픽,2017,11012,27.98,8.43,1204953447381.0,-76.48332564169395,-0.7699999999999996,0,0,0.2
아모레퍼시픽,2017,11013,32.46,20.19,1569047640326.0,30.21645307014713,4.48,0,0,0.2
아모레퍼시픽,2017,11014,25.41,8.35,1209862361641.0,-22.891929438826494,-7.050000000000001,0,0,0.2
아모레퍼시픽,2018,11011,20.8,9.13,5277844561808.0,336.23512303080344,-4.609999999999999,0,0,0.2
아모레퍼시픽,2018,11012,25.91,10.85,1343679091044.0,-74.54113937406856,5.109999999999999,0,0,0.2
아모레퍼시픽,2018,11013,30.55,16.48,1431593092605.0,6.542782584545037,4.640000000000001,0,0,0.2
아모레퍼시픽,2018,11014,19.89,5.98,1278422479795.0,-10.699312088135526,-10.66,0,0,0.2
아모레퍼시픽,2019,11011,33.12,7.67,5580142192519.0,336.4865512544646,13.229999999999997,0,0,0.2
아모레퍼시픽,2019,11012,31.01,6.3,1393134632330.0,-75.03406572331255,-2.109999999999996,0,0,0.2
아모레퍼시픽,2019,11013,31.22,12.86,1451329780083.0,4.177280960682839,0.2099999999999973,0,0,0.2
아모레퍼시픽,2019,11014,30.98,7.67,1402002246177.0,-3.39878190215176,-0.2399999999999984,0,0,0.2
아모레퍼시픽,2020,11011,27.72,3.23,4432179039394.0,216.1320926182344,-3.2600000000000016,0,0,0.2
아모레퍼시픽,2020,11012,28.34,3.34,1055734889825.0,-76.18022917302213,0.620000000000001,0,0,0.2
아모레퍼시픽,2020,11013,31.0,5.39,1130856907044.0,7.115613772265528,2.66,0,0,0.2
아모레퍼시픽,2020,11014,26.88,5.15,1088641056331.0,-3.733085101222045,-4.120000000000001,0,0,0.2
아모레퍼시픽,2021,11011,28.93,7.06,4863128496699.0,346.7155145782387,2.0500000000000007,0,0,0.2
아모레퍼시픽,2021,11012,25.71,7.75,1176655740224.0,-75.80455171968637,-3.219999999999999,0,0,0.2
아모레퍼시픽,2021,11013,26.1,14.07,1252783827950.0,6.469869233927961,0.3900000000000005,0,0,0.2
아모레퍼시픽,2021,11014,26.44,4.54,1108940816390.0,-11.481870084113266,0.3399999999999998,0,0,0.2
아모레퍼시픽,2022,11011,21.39,5.18,4134932512111.0,272.872244487464,-5.050000000000001,0,1,0.2
아모레퍼시픽,2022,11012,23.79,-2.06,945722009548.0,-77.1284777495635,2.3999999999999986,1,0,0.2
아모레퍼시픽,2022,11013,25.55,13.56,1165030308901.0,23.18950993408904,1.7600000000000016,0,0,0.2
아모레퍼시픽,2022,11014,22.55,2.01,936411432151.0,-19.623427390971614,-3.0,0,0,0.2
아모레퍼시픽,2023,11011,20.81,2.94,3673963593157.0,292.3450170527776,-1.740000000000002,0,0,0.2
아모레퍼시픽,2023,11012,21.22,0.62,945384372586.0,-74.26799834525195,0.4100000000000001,0,0,0.2
아모레퍼시픽,2023,11013,21.68,7.04,913697617945.0,-3.3517324339013777,0.4600000000000008,0,0,0.2
아모레퍼시픽,2023,11014,20.22,1.94,888832482657.0,-2.7213746429507246,-1.4600000000000009,0,0,0.2
아모레퍼시픽,2024,11011,27.37,5.68,3885110699186.0,337.1026908886342,7.150000000000002,0,0,0.2
아모레퍼시픽,2024,11012,27.64,0.46,904751327724.0,-76.71234109459066,0.2699999999999996,0,0,0.2
아모레퍼시픽,2024,11013,22.88,7.97,911452525506.0,0.7406673609264169,-4.760000000000002,0,0,0.2
아모레퍼시픽,2024,11014,25.01,6.67,977207865626.0,7.21434614309675,2.1300000000000026,0,0,0.2
아모레퍼시픽,2025,11011,26.49,7.9,4252820221496.0,335.20118606205045,1.4799999999999969,0,0,0.2
아모레퍼시픽,2025,11012,25.91,7.33,1005023630792.0,-76.368066872141,-0.5799999999999983,0,0,0.2
아모레퍼시픽,2025,11013,28.03,11.03,1067512073116.0,6.217609259073487,2.120000000000001,0,0,0.2
아시아나항공,2016,11011,689.86,4.45,5763550962631.0,-0.5473506338527834,-301.37,1,1,0.2
아시아나항공,2016,11012,683.54,2.09,1374468301028.0,-76.15240482925184,-6.32000000000005,1,1,0.2
아시아나항공,2016,11013,961.22,3.98,1476253723996.0,7.405439826576732,277.68000000000006,1,1,0.2
아시아나항공,2016,11014,572.17,9.75,1555440523121.0,5.364037213782802,-389.05000000000007,1,1,0.2
아시아나항공,2017,11011,588.18,4.43,6227064627683.0,300.34090247233377,16.00999999999999,1,1,0.2
아시아나항공,2017,11012,738.73,2.87,1491852543037.0,-76.04244323393033,150.55000000000007,1,1,0.2
아시아나항공,2017,11013,639.38,1.81,1457138093270.0,-2.3269357235756627,-99.35000000000002,1,1,0.2
아시아나항공,2017,11014,749.04,7.27,1630785128674.0,11.916992370593672,109.65999999999995,1,1,0.2
아시아나항공,2018,11011,649.29,0.39,7183387207576.0,340.48643081610936,-99.75,1,1,0.2
아시아나항공,2018,11012,597.95,2.31,1642897651267.0,-77.12920654570439,-51.33999999999992,1,1,0.2
아시아나항공,2018,11013,598.94,4.01,1602796123932.0,-2.440902347390528,0.9900000000000092,1,1,0.2
아시아나항공,2018,11014,560.64,5.45,1852093241248.0,15.553888207841492,-38.30000000000007,1,1,0.2
아시아나항공,2019,11011,1386.69,-6.37,6965788766759.0,276.1035682018486,826.0500000000001,1,1,0.2
아시아나항공,2019,11012,659.51,-7.11,1745383933143.0,-74.9434846277275,-727.1800000000001,1,1,0.2
아시아나항공,2019,11013,894.99,0.42,1723163317020.0,-1.2731076355782744,235.48,1,1,0.2
아시아나항공,2019,11014,807.57,-3.11,1835066753685.0,6.494070269469487,-87.41999999999996,1,1,0.2
아시아나항공,2020,11011,1171.55,-7.09,3895314311581.0,112.2709870776534,363.9799999999999,1,1,0.2
아시아나항공,2020,11012,2291.01,2.64,886411004066.0,-77.2441725323513,1119.4600000000005,1,1,0.2
아시아나항공,2020,11013,6279.78,-22.57,1293728159928.0,45.951274746547725,3988.77,1,1,0.2
아시아나항공,2020,11014,2308.71,1.62,829659380761.0,-35.870656103893324,-3971.07,1,1,0.2
아시아나항공,2021,11011,2410.6,2.15,4339706411421.0,423.0708543836907,101.88999999999989,1,1,0.2
아시아나항공,2021,11012,2016.09,5.67,985007479053.0,-77.30243971203417,-394.51,1,1,0.2
아시아나항공,2021,11013,2068.95,-10.46,847160379434.0,-13.994523143268731,52.8599999999999,1,1,0.2
아시아나항공,2021,11014,3802.46,0.59,1066602308173.0,25.90323320899548,1733.5100000000002,1,1,0.2
아시아나항공,2022,11011,1780.17,9.65,6206669334674.0,481.9103603202868,-2022.29,1,1,0.2
아시아나항공,2022,11012,6544.55,9.0,1549278096088.0,-75.03849468131246,4764.38,1,1,0.2
아시아나항공,2022,11013,2811.0,11.52,1246250096086.0,-19.55930318560366,-3733.55,1,1,0.2
아시아나항공,2022,11014,10298.01,11.89,1677970742112.0,34.64157374044514,7487.01,1,1,0.2
아시아나항공,2023,11011,1506.32,8.13,7623348347364.0,354.3195036743473,-8791.69,1,1,0.2
아시아나항공,2023,11012,2097.54,8.29,1825577438251.0,-76.05281360542513,591.22,1,1,0.2
아시아나항공,2023,11013,2013.91,9.55,1747416979739.0,-4.281410192431057,-83.62999999999988,1,1,0.2
아시아나항공,2023,11014,2121.53,9.96,2001891219916.0,14.56288013265208,107.62000000000012,1,1,0.2
아시아나항공,2024,11011,1240.8,3.31,8318567228711.0,315.53542699787903,-880.7300000000002,1,1,0.2
아시아나항공,2024,11012,2625.48,0.89,2015348083684.0,-75.77289419831632,1384.68,1,1,0.2
아시아나항공,2024,11013,2006.94,3.1,2008865525391.0,-0.3216594862933131,-618.54,1,1,0.2
아시아나항공,2024,11014,1846.86,8.12,2177274236412.0,8.383274484648307,-160.08000000000015,1,1,0.2
아시아나항공,2025,11011,1370.19,-4.75,7266849939986.0,233.7590560921382,-476.6699999999999,1,1,0.2
아시아나항공,2025,11012,863.43,-0.37,1887049130097.0,-74.03208892874653,-506.7600000000001,1,1,0.2
아시아나항공,2025,11013,1053.66,2.67,2074369008854.0,9.926603169434769,190.23000000000013,1,1,0.2
알테오젠,2016,11011,6.02,-79.07,6843719835.0,44.79131814096782,3.86,1,1,0.2
알테오젠,2016,11012,5.06,-124.35,1116176666.0,-83.6904973770014,-0.96,1,1,0.2
알테오젠,2016,11013,2.36,-152.24,684974788.0,-38.63204554752805,-2.7,1,1,0.2
알테오젠,2016,11014,3.46,-53.23,2562945753.0,274.16643618129785,1.1,1,1,0.2
알테오젠,2017,11011,7.95,-51.0,12104355843.0,372.2829513200392,4.49,1,1,0.2
알테오젠,2017,11012,4.07,-97.67,2114678889.0,-82.52960408279036,-3.88,1,0,0.2
알테오젠,2017,11013,3.97,27.35,4811461946.0,127.52683497376135,-0.1,0,1,0.2
알테오젠,2017,11014,4.98,-55.7,2811095275.0,-41.57502841029432,1.0100000000000002,1,1,0.2
알테오젠,2018,11011,7.02,-55.9,13703078873.0,387.4640498622019,2.039999999999999,1,1,0.2
알테오젠,2018,11012,93.83,-67.16,2936376464.0,-78.57141091272766,86.81,1,1,0.2
알테오젠,2018,11013,7.84,-31.72,4093280257.0,39.399028264381286,-85.99,1,1,0.2
알테오젠,2018,11014,104.84,-95.05,3280256874.0,-19.862392310168172,97.0,1,1,0.2
알테오젠,2019,11011,22.47,-7.7,29229181883.0,791.0638101142806,-82.37,1,1,0.2
알테오젠,2019,11012,14.88,-42.51,5259040876.0,-82.00756731046683,-7.589999999999998,1,1,0.2
알테오젠,2019,11013,7.88,-92.33,3863043032.0,-26.544723209335253,-7.000000000000001,1,1,0.2
알테오젠,2019,11014,14.07,-55.58,5496396593.0,42.281526440940766,6.19,1,0,0.2
알테오젠,2020,11011,16.83,0.24,42425842457.0,671.8846655103441,2.759999999999998,0,0,0.2
알테오젠,2020,11012,28.3,18.6,13436622382.0,-68.32915599585687,11.470000000000002,0,0,0.2
알테오젠,2020,11013,27.49,13.34,9876046066.0,-26.499042800888915,-0.8100000000000023,0,0,0.2
알테오젠,2020,11014,25.9,30.49,14011661613.0,41.87521523656692,-1.59,0,1,0.2
알테오젠,2021,11011,94.39,-31.12,41123115244.0,193.4920666785589,68.49000000000001,1,1,0.2
알테오젠,2021,11012,44.91,-166.43,6320332181.0,-84.63070673634785,-49.48,1,1,0.2
알테오젠,2021,11013,9.12,-12.34,11882754056.0,88.00837860582062,-35.79,1,1,0.2
알테오젠,2021,11014,45.22,-157.46,6446723113.0,-45.74723096498968,36.1,1,1,0.2
알테오젠,2022,11011,68.86,-101.97,28806344498.0,346.8370052982606,23.64,1,1,0.2
알테오젠,2022,11012,66.25,-163.6,5691296257.0,-80.24290705335714,-2.6099999999999994,1,1,0.2
알테오젠,2022,11013,63.21,-93.64,7055373197.0,23.96777251442948,-3.039999999999999,1,1,0.2
알테오젠,2022,11014,65.65,-193.33,5535079381.0,-21.548028340250536,2.440000000000005,1,1,0.2
알테오젠,2023,11011,73.23,-10.09,96522928887.0,1643.8400110092296,7.579999999999998,1,0,0.2
알테오젠,2023,11012,62.03,45.64,42533195454.0,-55.93461994528379,-11.200000000000005,0,1,0.2
알테오젠,2023,11013,82.29,-101.44,10336706922.0,-75.69731873736308,20.260000000000005,1,1,0.2
알테오젠,2023,11014,66.56,-49.71,21302522842.0,106.08616460490956,-15.730000000000004,1,0,0.2
알테오젠,2024,11011,49.22,24.7,102854620800.0,382.828355884741,-17.340000000000003,0,1,0.2
알테오젠,2024,11012,64.91,-54.99,12234116831.0,-88.10542809273572,15.689999999999998,1,0,0.2
알테오젠,2024,11013,62.01,49.45,34900500859.0,185.27192719433333,-2.8999999999999986,0,1,0.2
알테오젠,2024,11014,68.7,-166.84,4889997796.0,-85.9887460762931,6.690000000000005,1,0,0.2
알테오젠,2025,11011,53.76,49.52,215858918957.0,4314.294810798724,-14.940000000000005,0,1,0.2
알테오젠,2025,11012,73.41,-2.29,18643000115.0,-91.36334036829224,19.65,1,0,0.2
알테오젠,2025,11013,73.61,72.9,83696077912.0,348.94103629092854,0.2000000000000028,0,0,0.2
에코프로비엠,2019,11011,75.67,6.02,616085054981.0,4.56551431881187,-113.63,0,0,0.4
에코프로비엠,2019,11012,64.17,8.13,136001357261.0,-77.92490563414263,-11.5,0,0,0.4
에코프로비엠,2019,11013,81.96,8.05,180664417470.0,32.84015770760816,17.789999999999992,0,0,0.4
에코프로비엠,2019,11014,64.98,6.47,152097914373.0,-15.81191443065626,-16.97999999999999,0,0,0.4
에코프로비엠,2020,11011,70.97,6.41,854748843876.0,461.97275774593567,5.989999999999995,0,0,0.4
에코프로비엠,2020,11012,77.4,7.31,189943286226.0,-77.77788322419124,6.430000000000007,0,0,0.4
에코프로비엠,2020,11013,73.88,5.26,167679755808.0,-11.721146274951888,-3.5200000000000102,0,0,0.4
에코프로비엠,2020,11014,68.54,7.06,250204137867.0,49.21547127817488,-5.339999999999989,0,0,0.4
에코프로비엠,2021,11011,139.18,7.74,1485628623826.0,493.7666085345517,70.64,0,0,0.4
에코프로비엠,2021,11012,106.35,9.36,310435570465.0,-79.10409334564902,-32.83000000000001,0,0,0.4
에코프로비엠,2021,11013,80.69,6.78,263201076387.0,-15.215554714702206,-25.66,0,0,0.4
에코프로비엠,2021,11014,126.97,9.97,408052426460.0,55.03448240462989,46.28,0,0,0.4
에코프로비엠,2022,11011,126.73,7.11,5357607238956.0,1212.9703174259123,-0.2399999999999948,0,0,0.4
에코프로비엠,2022,11012,133.2,8.67,1187144379130.0,-77.84189235638462,6.469999999999985,0,0,0.4
에코프로비엠,2022,11013,190.83,6.2,662461915161.0,-44.1970221308308,57.63000000000002,0,0,0.4
에코프로비엠,2022,11014,128.64,9.05,1563207394715.0,135.96939823100462,-62.190000000000026,0,0,0.4
에코프로비엠,2023,11011,172.71,2.26,6900867843535.0,341.45568060040745,44.07000000000002,0,0,0.4
에코프로비엠,2023,11012,155.58,6.02,1906226538828.0,-72.37700268939614,-17.129999999999995,0,0,0.4
에코프로비엠,2023,11013,165.44,5.34,2010989897316.0,5.495850380533018,9.859999999999983,0,0,0.4
에코프로비엠,2023,11014,180.56,2.54,1803254041355.0,-10.330029814583252,15.120000000000005,0,1,0.4
에코프로비엠,2024,11011,118.7,-1.23,2766837750152.0,53.43582693833557,-61.86,1,0,0.4
에코프로비엠,2024,11012,160.64,0.48,809516920383.0,-70.74216150410237,41.93999999999998,0,0,0.4
에코프로비엠,2024,11013,164.26,0.69,970459189322.0,19.881273002033705,3.620000000000005,0,1,0.4
에코프로비엠,2024,11014,167.04,-7.9,521936343949.0,-46.21758960171785,2.780000000000001,1,0,0.4
에코프로비엠,2025,11011,142.16,5.66,2531576384113.0,385.03546715274695,-24.879999999999995,0,0,0.4
에코프로비엠,2025,11012,145.91,6.28,779716508199.0,-69.20035622499327,3.75,0,0,0.4
에코프로비엠,2025,11013,137.46,0.36,629788701177.0,-19.228502339690788,-8.449999999999989,0,0,0.4
엘앤에프,2016,11011,132.02,5.55,249732039131.0,6.210812321142245,-52.95999999999998,0,0,0.2
엘앤에프,2016,11012,127.11,5.95,58155241864.0,-76.7129431744663,-4.910000000000011,0,1,0.2
엘앤에프,2016,11013,197.6,-2.6,48856869893.0,-15.98888023326406,70.49,1,0,0.2
엘앤에프,2016,11014,151.5,7.21,70340487145.0,43.97256168692476,-46.1,0,0,0.2
엘앤에프,2017,11011,115.3,7.29,403019915789.0,472.9558212444762,-36.2,0,0,0.2
엘앤에프,2017,11012,143.81,7.5,100277438066.0,-75.1184906409191,28.510000000000005,0,0,0.2
엘앤에프,2017,11013,127.82,6.3,68238454170.0,-31.950341486499457,-15.990000000000007,0,0,0.2
엘앤에프,2017,11014,145.93,9.02,115763350070.0,69.64532898357125,18.110000000000014,0,0,0.2
엘앤에프,2018,11011,131.47,5.34,505664305453.0,336.808631701859,-14.460000000000008,0,0,0.2
엘앤에프,2018,11012,133.21,7.4,134300871020.0,-73.44070570698354,1.740000000000009,0,0,0.2
엘앤에프,2018,11013,122.2,6.61,122292565967.0,-8.94134562329959,-11.010000000000003,0,0,0.2
엘앤에프,2018,11014,139.69,5.65,130004047733.0,6.305764953922788,17.489999999999995,0,1,0.2
엘앤에프,2019,11011,215.73,-2.45,313264234672.0,140.964985425205,76.03999999999999,1,1,0.2
엘앤에프,2019,11012,143.73,-5.11,69197638051.0,-77.91077614606958,-72.0,1,1,0.2
엘앤에프,2019,11013,140.08,-1.73,87719971518.0,26.76729146932541,-3.649999999999977,1,1,0.2
엘앤에프,2019,11014,169.37,-2.6,71388815530.0,-18.61737493228537,29.289999999999992,1,0,0.2
엘앤에프,2020,11011,135.93,0.41,356105956054.0,398.8259763244737,-33.44,0,1,0.2
엘앤에프,2020,11012,219.76,3.71,69058638912.0,-80.60727776720255,83.82999999999998,1,1,0.2
엘앤에프,2020,11013,223.74,1.47,102045471347.0,47.7664097565468,3.980000000000018,1,1,0.2
엘앤에프,2020,11014,120.98,-1.57,84245947166.0,-17.442737973617373,-102.76,1,0,0.2
엘앤에프,2021,11011,141.22,4.56,970760874482.0,1052.2938576133429,20.239999999999995,0,1,0.2
엘앤에프,2021,11012,273.28,2.8,205439794379.0,-78.83723996513321,132.05999999999997,1,1,0.2
엘앤에프,2021,11013,213.21,-2.26,144487049375.0,-29.669395449039925,-60.069999999999965,1,0,0.2
엘앤에프,2021,11014,79.53,5.62,240718237527.0,66.6019470729468,-133.68,0,0,0.2
엘앤에프,2022,11011,135.27,6.85,3887293713353.0,1514.872954076437,55.74000000000001,0,0,0.2
엘앤에프,2022,11012,114.99,7.11,862793690000.0,-77.80477232692063,-20.280000000000012,0,0,0.2
엘앤에프,2022,11013,90.94,9.58,553588700000.0,-35.83765082936571,-24.05,0,0,0.2
엘앤에프,2022,11014,130.92,7.94,1242500705000.0,124.44473758225196,39.97999999999999,0,1,0.2
엘앤에프,2023,11011,201.94,-4.79,4644090367589.0,273.76963641956246,71.02000000000001,1,1,0.2
엘앤에프,2023,11012,202.56,0.22,1368186148883.0,-70.5392005626863,0.6200000000000045,1,0,0.2
엘앤에프,2023,11013,177.22,2.96,1362916508945.0,-0.3851551882981807,-25.340000000000003,0,0,0.2
엘앤에프,2023,11014,185.27,1.18,1255357977419.0,-7.891791670295223,8.050000000000011,0,1,0.2
엘앤에프,2024,11011,287.07,-29.29,1907478512809.0,51.94697824207495,101.79999999999998,1,1,0.2
엘앤에프,2024,11012,244.32,-15.17,554830104466.0,-70.91290409091195,-42.75,1,1,0.2
엘앤에프,2024,11013,241.16,-32.07,635670838838.0,14.57035833515301,-3.1599999999999966,1,1,0.2
엘앤에프,2024,11014,255.29,-20.59,351628022466.0,-44.68394631586805,14.129999999999995,1,1,0.2
엘앤에프,2025,11011,363.06,-7.28,2154938965103.0,512.8461975215208,107.77,1,1,0.2
엘앤에프,2025,11012,461.54,-23.3,520075586214.0,-75.86587858700018,98.48000000000002,1,1,0.2
엘앤에프,2025,11013,367.41,-38.45,364781970017.0,-29.859816594640144,-94.13,1,1,0.2
웅진에너지,2016,11011,248.93,-30.62,173918792324.0,5.838920124497804,-299.57,1,1,0.2
웅진에너지,2016,11012,243.9,-2.02,54958068666.0,-68.4001550771946,-5.030000000000001,1,1,0.2
웅진에너지,2016,11013,231.18,-21.97,42879637980.0,-21.977538474659617,-12.72,1,1,0.2
웅진에너지,2016,11014,270.35,-21.67,42011498657.0,-2.024595737969892,39.170000000000016,1,1,0.2
웅진에너지,2017,11011,208.33,1.55,243057422867.0,478.54975575002845,-62.02000000000001,1,1,0.2
웅진에너지,2017,11012,233.26,1.53,65804821894.0,-72.92622413345997,24.92999999999998,1,1,0.2
웅진에너지,2017,11013,225.68,1.78,53381920605.0,-18.87840576335137,-7.579999999999984,1,1,0.2
웅진에너지,2017,11014,232.62,3.83,71249864252.0,33.47190105656559,6.939999999999998,1,1,0.2
웅진에너지,2018,11011,474.61,-33.81,165837900559.0,132.75539160672142,241.99,1,1,0.2
웅진에너지,2018,11012,198.88,-30.71,60148540478.0,-63.73052222968717,-275.73,1,1,0.2
웅진에너지,2018,11013,166.15,-18.0,61447955822.0,2.1603439313299333,-32.72999999999999,1,1,0.2
웅진에너지,2018,11014,237.83,-79.44,25435183938.0,-58.60694859943001,71.68,1,1,0.2
웅진에너지,2019,11011,500.0,-142.08,41751332453.0,64.14794779849726,262.17,1,1,0.2
웅진에너지,2019,11012,832.28,-172.98,8736353211.0,-79.07527090103143,332.28,1,1,0.2
웅진에너지,2019,11013,647.82,-96.41,9304695752.0,6.505489502008643,-184.45999999999992,1,1,0.2
웅진에너지,2019,11014,1370.22,-40.41,12957408357.0,39.25665816869797,722.4,1,1,0.2
웅진에너지,2020,11011,123.31,-31.35,34079554513.0,163.01212074241027,-1246.91,1,1,0.2
웅진에너지,2020,11012,500.0,12.69,6509184696.0,-80.9000299768678,376.69,1,1,0.2
웅진에너지,2020,11013,500.0,-25.59,11024428385.0,69.36726947961225,0.0,1,1,0.2
웅진에너지,2020,11014,500.0,-43.59,5957834882.0,-45.95787941163173,0.0,1,0,0.2
웅진에너지,2021,11012,161.05,8.85,29047382217.0,387.54929923887073,-338.95,0,1,0.2
원익IPS,2016,11012,26.3,7.12,52545687185.0,-78.47281539995565,-1.8999999999999984,0,0,0.35
원익IPS,2016,11014,25.82,11.14,95621946273.0,81.97867683476943,-0.4800000000000004,0,0,0.35
원익IPS,2017,11011,30.67,19.38,630860973364.0,559.7449622735102,4.850000000000001,0,0,0.35
원익IPS,2017,11012,38.5,22.84,205253268549.0,-67.46457980202698,7.829999999999998,0,0,0.35
원익IPS,2017,11013,30.15,23.49,137462211631.0,-33.02800359635505,-8.350000000000001,0,0,0.35
원익IPS,2017,11014,32.48,15.25,198221129304.0,44.20045112914352,2.3299999999999983,0,0,0.35
원익IPS,2018,11011,38.77,16.31,649312684893.0,227.56986461175268,6.290000000000006,0,0,0.35
원익IPS,2018,11012,66.98,21.86,210580925383.0,-67.56864138304928,28.21,0,0,0.35
원익IPS,2018,11013,88.27,16.02,137662383545.0,-34.62732519831858,21.289999999999992,0,0,0.35
원익IPS,2018,11014,35.83,23.63,196255202838.0,42.56269416826333,-52.44,0,0,0.35
원익IPS,2019,11011,58.71,6.14,669241556900.0,241.0057655655781,22.880000000000003,0,0,0.35
원익IPS,2019,11012,34.51,17.1,200184129028.0,-70.087911163904,-24.200000000000003,0,0,0.35
원익IPS,2019,11013,56.68,4.88,131050920409.0,-34.53481000450852,22.17,0,1,0.35
원익IPS,2019,11014,40.25,-7.48,118089994809.0,-9.889992042444218,-16.43,1,0,0.35
원익IPS,2020,11011,65.85,12.89,1090924689101.0,823.807889792419,25.599999999999994,0,0,0.35
원익IPS,2020,11012,101.56,16.89,303308076272.0,-72.19715720963768,35.71000000000001,0,0,0.35
원익IPS,2020,11013,89.98,7.96,181957143929.0,-40.0091332332922,-11.579999999999998,0,0,0.35
원익IPS,2020,11014,49.28,27.23,434999722426.0,139.06713033247965,-40.7,0,0,0.35
원익IPS,2021,11011,45.76,13.32,1232302198954.0,183.2880425949313,-3.520000000000003,0,0,0.35
원익IPS,2021,11012,68.49,23.29,432524959082.0,-64.90106408564922,22.73,0,0,0.35
원익IPS,2021,11013,83.74,9.53,254518723955.0,-41.15513599603688,15.25,0,0,0.35
원익IPS,2021,11014,32.66,17.43,373277223416.0,46.66002469900683,-51.08,0,0,0.35
원익IPS,2022,11011,28.97,9.64,1011484981702.0,170.97420315269204,-3.6899999999999977,0,0,0.35
원익IPS,2022,11012,51.77,9.27,199834016320.0,-80.24350139299702,22.800000000000004,0,0,0.35
원익IPS,2022,11013,48.79,10.56,208658049883.0,4.415681436772911,-2.980000000000004,0,0,0.35
원익IPS,2022,11014,40.18,10.76,283094424857.0,35.67385730660209,-8.61,0,1,0.35
원익IPS,2023,11011,25.17,-2.62,690337586778.0,143.8541794409097,-15.009999999999998,1,1,0.35
원익IPS,2023,11012,33.07,-13.55,134648817390.0,-80.49522147295441,7.899999999999999,1,1,0.35
원익IPS,2023,11013,30.86,-7.14,150357335751.0,11.66628765516855,-2.210000000000001,1,1,0.35
원익IPS,2023,11014,27.87,-0.64,179913417895.0,19.65722656388811,-2.9899999999999984,1,0,0.35
원익IPS,2024,11011,26.67,1.42,748176487524.0,315.8536346414397,-1.1999999999999993,0,1,0.35
원익IPS,2024,11012,33.63,-1.99,154901639504.0,-79.29610966302505,6.960000000000001,1,1,0.35
원익IPS,2024,11013,26.46,-23.47,113832940992.0,-26.51275909248171,-7.170000000000002,1,0,0.35
원익IPS,2024,11014,32.35,7.84,184587020217.0,62.15606713523503,5.890000000000001,0,0,0.35
원익IPS,2025,11011,20.06,8.11,909795691103.0,392.8817259379596,-12.290000000000004,0,0,0.35
원익IPS,2025,11012,38.02,15.05,242168631002.0,-73.3820863991558,17.960000000000004,0,1,0.35
원익IPS,2025,11013,33.72,-5.94,124198201773.0,-48.71416613327831,-4.300000000000004,1,0,0.35
원익QnC,2016,11011,40.55,12.96,138956393355.0,-0.8828566996442189,-13.010000000000003,0,0,0.2
원익QnC,2016,11012,44.89,14.31,34605539543.0,-75.09611561765912,4.340000000000003,0,0,0.2
원익QnC,2016,11013,49.18,14.69,34274788681.0,-0.9557743250586116,4.289999999999999,0,0,0.2
원익QnC,2016,11014,44.8,11.22,34246553085.0,-0.0823800731867163,-4.380000000000003,0,0,0.2
원익QnC,2017,11011,41.94,15.01,197261196370.0,476.0030677551618,-2.8599999999999994,0,0,0.2
원익QnC,2017,11012,42.52,18.25,48080269099.0,-75.62608866630995,0.5800000000000054,0,0,0.2
원익QnC,2017,11013,41.39,17.17,43877765484.0,-8.740599197452092,-1.1300000000000026,0,0,0.2
원익QnC,2017,11014,44.29,20.48,53533081776.0,22.005031900543813,2.8999999999999986,0,0,0.2
원익QnC,2018,11011,62.57,15.46,266463980468.0,397.7557271650693,18.28,0,0,0.2
원익QnC,2018,11012,54.98,19.23,67216927176.0,-74.77447906544646,-7.590000000000003,0,0,0.2
원익QnC,2018,11013,55.61,17.93,59313292337.0,-11.758399514909712,0.6300000000000026,0,0,0.2
원익QnC,2018,11014,53.93,16.86,67811317402.0,14.327353498970895,-1.6799999999999995,0,0,0.2
원익QnC,2019,11011,123.19,10.4,263059922670.0,287.92923179846883,69.25999999999999,0,0,0.2
원익QnC,2019,11012,130.96,7.11,59896110966.0,-77.23100107455832,7.77000000000001,0,0,0.2
원익QnC,2019,11013,62.05,10.12,71036391382.0,18.599338481798554,-68.91000000000001,0,0,0.2
원익QnC,2019,11014,134.02,9.98,62995664505.0,-11.31916574106473,71.97000000000001,0,0,0.2
원익QnC,2020,11011,145.55,7.84,525640408852.0,734.4072770440887,11.53,0,0,0.2
원익QnC,2020,11012,154.59,10.76,139234711428.0,-73.51141406116608,9.039999999999992,0,0,0.2
원익QnC,2020,11013,173.01,6.03,126464787661.0,-9.171508768202164,18.419999999999987,0,0,0.2
원익QnC,2020,11014,154.08,11.47,131417137618.0,3.915991200867075,-18.92999999999998,0,0,0.2
원익QnC,2021,11011,116.86,13.9,624119007652.0,374.9144738383919,-37.22000000000001,0,0,0.2
원익QnC,2021,11012,123.67,15.24,160258564569.0,-74.32243488755306,6.810000000000002,0,0,0.2
원익QnC,2021,11013,137.09,14.0,142590042260.0,-11.025009712596512,13.420000000000002,0,0,0.2
원익QnC,2021,11014,122.47,16.82,158670677925.0,11.27753061162464,-14.620000000000005,0,0,0.2
원익QnC,2022,11011,171.18,14.7,783178805875.0,393.5876093282911,48.71000000000001,0,0,0.2
원익QnC,2022,11012,110.54,18.69,192188009774.0,-75.46051957326915,-60.64,0,0,0.2
원익QnC,2022,11013,110.41,18.73,181730380532.0,-5.441353627782219,-0.1300000000000096,0,0,0.2
원익QnC,2022,11014,104.54,18.18,203937245288.0,12.219676584064445,-5.86999999999999,0,0,0.2
원익QnC,2023,11011,170.11,10.3,805948142955.0,295.1941891815008,65.57000000000001,0,0,0.2
원익QnC,2023,11012,162.3,13.8,202656265045.0,-74.85492499530267,-7.810000000000002,0,0,0.2
원익QnC,2023,11013,170.15,14.97,221921002577.0,9.506114961569168,7.849999999999994,0,0,0.2
원익QnC,2023,11014,167.0,7.4,179146547494.0,-19.27463132659494,-3.1500000000000057,0,0,0.2
원익QnC,2024,11011,169.57,10.16,891539336878.0,397.659234492286,2.569999999999993,0,0,0.2
원익QnC,2024,11012,165.95,15.59,232978043485.0,-73.8678896322349,-3.620000000000005,0,0,0.2
원익QnC,2024,11013,166.28,15.02,216353941231.0,-7.135480238965231,0.3300000000000125,0,0,0.2
원익QnC,2024,11014,158.72,13.29,225114646021.0,4.049246683537988,-7.560000000000002,0,0,0.2
원익QnC,2025,11011,170.93,6.32,943641492868.0,319.1826296277372,12.210000000000008,0,0,0.2
원익QnC,2025,11012,162.52,6.05,232914663342.0,-75.31746271201949,-8.409999999999997,0,0,0.2
원익QnC,2025,11013,166.05,8.24,231372707003.0,-0.662026304774066,3.530000000000001,0,0,0.2
유한양행,2016,11011,36.71,7.4,1320797335286.0,17.01609985063175,-1.1499999999999986,0,0,0.4
유한양행,2016,11012,41.86,7.4,332742589721.0,-74.80744540956017,5.149999999999999,0,0,0.4
유한양행,2016,11013,37.84,7.2,276477838852.0,-16.909392607714334,-4.019999999999996,0,0,0.4
유한양행,2016,11014,39.88,6.98,361820962566.0,30.86797989609742,2.039999999999999,0,0,0.4
유한양행,2017,11011,30.4,6.07,1462248030140.0,304.1357968233448,-9.480000000000004,0,0,0.4
유한양행,2017,11012,33.54,5.84,355059623054.0,-75.71823550208472,3.140000000000001,0,0,0.4
유한양행,2017,11013,37.1,10.11,351198923241.0,-1.087338453128717,3.5600000000000023,0,0,0.4
유한양행,2017,11014,32.43,5.8,378734211755.0,7.840368148026666,-4.670000000000002,0,0,0.4
유한양행,2018,11011,31.61,3.3,1518822858428.0,301.02605238380573,-0.8200000000000003,0,0,0.4
유한양행,2018,11012,33.51,4.3,386223106744.0,-74.57089188506515,1.8999999999999984,0,0,0.4
유한양행,2018,11013,33.88,7.55,339821145471.0,-12.014289270309398,0.3700000000000045,0,0,0.4
유한양행,2018,11014,31.91,0.04,378606354251.0,11.413418292803046,-1.9700000000000024,0,0,0.4
유한양행,2019,11011,28.32,0.85,1480353606936.0,291.0007294686312,-3.59,0,1,0.4
유한양행,2019,11012,28.13,-1.51,359398622867.0,-75.72210982679506,-0.1900000000000012,1,0,0.4
유한양행,2019,11013,36.37,1.77,344952534874.0,-4.019516791066269,8.239999999999998,0,0,0.4
유한양행,2019,11014,29.48,0.88,382258147933.0,10.81470906500992,-6.889999999999997,0,0,0.4
유한양행,2020,11011,29.62,5.2,1619865302675.0,323.7621386055898,0.1400000000000005,0,0,0.4
유한양행,2020,11012,32.64,8.58,415486495797.0,-74.35055278294575,3.02,0,0,0.4
유한양행,2020,11013,29.92,0.34,313276059812.0,-24.600182441293683,-2.719999999999999,0,0,0.4
유한양행,2020,11014,28.96,4.74,429680885082.0,37.15726804654516,-0.9600000000000009,0,0,0.4
유한양행,2021,11011,27.27,2.88,1687810317744.0,292.80553926011845,-1.6900000000000013,0,0,0.4
유한양행,2021,11012,30.02,5.41,433338112038.0,-74.32542582052595,2.75,0,0,0.4
유한양행,2021,11013,34.95,3.67,379033991821.0,-12.53158185454918,4.930000000000003,0,0,0.4
유한양행,2021,11014,28.67,1.44,451467435126.0,19.110012523416884,-6.280000000000001,0,0,0.4
유한양행,2022,11011,23.16,2.03,1775846942745.0,293.3499527489461,-5.510000000000002,0,0,0.4
유한양행,2022,11012,27.04,3.51,482953244262.0,-72.80434295111722,3.879999999999999,0,0,0.4
유한양행,2022,11013,29.79,1.49,410853261385.0,-14.92897785316172,2.75,0,1,0.4
유한양행,2022,11014,24.7,-1.05,431538165878.0,5.03462097958538,-5.09,1,0,0.4
유한양행,2023,11011,33.89,3.05,1858983759666.0,330.7808455096304,9.19,0,0,0.4
유한양행,2023,11012,26.3,5.51,495722476266.0,-73.33368440211304,-7.59,0,0,0.4
유한양행,2023,11013,24.77,5.11,443047818557.0,-10.625836073798531,-1.5300000000000011,0,0,0.4
유한양행,2023,11014,31.27,0.18,483063443680.0,9.03189756205782,6.5,0,0,0.4
유한양행,2024,11011,36.8,2.65,2067791451854.0,328.0579453707918,5.529999999999998,0,0,0.4
유한양행,2024,11012,36.43,3.51,528312352203.0,-74.45040447723534,-0.3699999999999974,0,0,0.4
유한양행,2024,11013,34.12,0.13,444593457592.0,-15.846476854440771,-2.3100000000000023,0,0,0.4
유한양행,2024,11014,34.54,7.95,598784904117.0,34.681447486908446,0.4200000000000017,0,0,0.4
유한양행,2025,11011,36.35,4.77,2186637586358.0,265.1791438500828,1.8100000000000025,0,0,0.4
유한양행,2025,11012,37.22,8.61,578987017426.0,-73.52158304429662,0.8699999999999974,0,0,0.4
유한양행,2025,11013,40.93,1.31,491563987277.0,-15.099307500478364,3.710000000000001,0,0,0.4
이마트,2016,11011,89.9,3.7,14777876303720.0,8.342256433835281,-10.309999999999988,0,0,0.2
이마트,2016,11012,91.17,1.36,3453474086902.0,-76.63078228613495,1.269999999999996,0,0,0.2
이마트,2016,11013,98.2,4.3,3629969890720.0,5.110674045228714,7.030000000000001,0,0,0.2
이마트,2016,11014,92.6,5.32,4033955180401.0,11.129163652673446,-5.6000000000000085,0,0,0.2
이마트,2017,11011,83.17,3.57,15876686561466.0,293.5761765178501,-9.429999999999993,0,0,0.2
이마트,2017,11012,90.46,1.46,3806777323075.0,-76.02284766196522,7.289999999999992,0,0,0.2
이마트,2017,11013,90.07,4.11,3898844501449.0,2.418507061496067,-0.3900000000000005,0,0,0.2
이마트,2017,11014,86.92,4.26,4283971550701.0,9.877979209195642,-3.1499999999999915,0,0,0.2
이마트,2018,11011,89.15,2.71,17049079116942.0,297.97367734975285,2.230000000000004,0,0,0.2
이마트,2018,11012,82.07,1.34,3989395698710.0,-76.6005209352002,-7.0800000000000125,0,0,0.2
이마트,2018,11013,81.71,3.74,4106476272882.0,2.934794716148592,-0.3599999999999994,0,0,0.2
이마트,2018,11014,87.34,4.12,4727193812607.0,15.115575945830772,5.63000000000001,0,0,0.2
이마트,2019,11011,106.67,0.79,19062879818284.0,303.25995874010954,19.33,0,1,0.2
이마트,2019,11012,102.38,-0.65,4581021831903.0,-75.96888887948005,-4.290000000000006,1,0,0.2
이마트,2019,11013,109.16,1.62,4585350624571.0,0.0944940414353334,6.780000000000001,0,0,0.2
이마트,2019,11014,105.87,2.3,5063327234303.0,10.4239925987496,-3.289999999999992,0,0,0.2
이마트,2020,11011,112.84,1.08,22033009980862.0,335.1488450438852,6.969999999999999,0,1,0.2
이마트,2020,11012,108.23,-0.91,5188005411575.0,-76.45348767108385,-4.609999999999999,1,0,0.2
이마트,2020,11013,111.03,0.93,5210766399398.0,0.4387232860670886,2.799999999999997,0,0,0.2
이마트,2020,11014,112.86,2.56,5907748929306.0,13.375816079349146,1.8299999999999983,0,0,0.2
이마트,2021,11011,151.95,1.27,24932680935679.0,322.03352298872846,39.08999999999999,0,0,0.2
이마트,2021,11012,122.31,0.13,5864687724925.0,-76.47790969589414,-29.639999999999983,0,0,0.2
이마트,2021,11013,117.53,2.09,5895763007638.0,0.5298710548718555,-4.780000000000001,0,0,0.2
이마트,2021,11014,128.81,1.72,6311915109595.0,7.058494403826487,11.28,0,0,0.2
이마트,2022,11011,146.24,0.46,29332413845888.0,364.7149610947493,17.430000000000007,0,1,0.2
이마트,2022,11012,147.4,-0.17,7147316468330.0,-75.63338460352469,1.1599999999999966,1,0,0.2
이마트,2022,11013,142.12,0.49,7003506564304.0,-2.01208250205831,-5.280000000000001,0,0,0.2
이마트,2022,11014,145.85,1.31,7707418268654.0,10.050846642134248,3.7299999999999898,0,1,0.2
이마트,2023,11011,141.75,-0.16,29472247894459.0,282.3880690934131,-4.099999999999994,1,1,0.2
이마트,2023,11012,143.57,-0.73,7271088783543.0,-75.32903221504858,1.8199999999999927,1,0,0.2
이마트,2023,11013,147.15,0.19,7135389362508.0,-1.8662874993650824,3.5800000000000125,0,0,0.2
이마트,2023,11014,150.45,1.01,7709646661648.0,8.048016302479045,3.299999999999983,0,0,0.2
이마트,2024,11011,157.36,0.16,29020896860848.0,276.4231765018988,6.910000000000025,0,1,0.2
이마트,2024,11012,155.51,-0.49,7055986092073.0,-75.68653330768626,-1.8500000000000227,1,0,0.2
이마트,2024,11013,142.37,0.65,7206713073664.0,2.136157577752784,-13.139999999999986,0,0,0.2
이마트,2024,11014,156.21,1.49,7508472953696.0,4.18720541455635,13.840000000000003,0,0,0.2
이마트,2025,11011,144.61,1.11,28970388263858.0,285.8359541615916,-11.599999999999994,0,0,0.2
이마트,2025,11012,154.74,0.31,7038971418605.0,-75.70287510648772,10.129999999999995,0,0,0.2
이마트,2025,11013,158.04,2.21,7218926638835.0,2.5565556318974725,3.299999999999983,0,0,0.2
종근당,2016,11011,81.14,7.36,831985529732.0,40.421045449868046,-2.0600000000000023,0,0,0.4
종근당,2016,11012,91.84,5.14,205687938052.0,-75.27746208299362,10.700000000000005,0,0,0.4
종근당,2016,11013,89.77,4.09,201946660487.0,-1.81890955805788,-2.0700000000000074,0,0,0.4
종근당,2016,11014,87.02,10.87,204675626647.0,1.3513301747199111,-2.75,0,0,0.4
종근당,2017,11011,67.92,8.79,884362807619.0,332.08017588935644,-19.099999999999994,0,0,0.4
종근당,2017,11012,73.47,7.74,211008295203.0,-76.14007583933738,5.549999999999997,0,0,0.4
종근당,2017,11013,83.25,7.99,209698959606.0,-0.6205138029006685,9.78,0,0,0.4
종근당,2017,11014,72.13,10.8,219657971553.0,4.74919473406632,-11.120000000000005,0,0,0.4
종근당,2018,11011,65.12,7.92,956218889275.0,335.3217333814263,-7.009999999999991,0,0,0.4
종근당,2018,11012,69.4,7.62,237338043283.0,-75.17952783144156,4.280000000000001,0,0,0.4
종근당,2018,11013,74.18,8.6,218540427112.0,-7.920186713845057,4.780000000000001,0,0,0.4
종근당,2018,11014,63.22,8.69,235105767158.0,7.579988867464982,-10.960000000000008,0,0,0.4
종근당,2019,11011,68.72,6.91,1079337661993.0,359.0859999055847,5.5,0,0,0.4
종근당,2019,11012,68.31,6.84,266560648144.0,-75.30331262120558,-0.4099999999999966,0,0,0.4
종근당,2019,11013,66.96,6.8,234009092434.0,-12.211688385607156,-1.3500000000000083,0,0,0.4
종근당,2019,11014,68.1,6.98,280582240416.0,19.90228135906109,1.1400000000000006,0,0,0.4
종근당,2020,11011,71.56,9.51,1303005524392.0,364.3934421722927,3.460000000000008,0,0,0.4
종근당,2020,11012,74.33,11.58,314027481676.0,-75.89975822838284,2.769999999999996,0,0,0.4
종근당,2020,11013,72.34,8.81,293360802091.0,-6.581169098545003,-1.9899999999999949,0,0,0.4
종근당,2020,11014,77.0,13.49,358390807526.0,22.167244216501626,4.659999999999997,0,0,0.4
종근당,2021,11011,84.99,7.05,1343559362914.0,274.88666971920856,7.989999999999995,0,0,0.4
종근당,2021,11012,67.07,9.66,327535685218.0,-75.62179280953994,-17.92,0,0,0.4
종근당,2021,11013,71.48,7.01,311913155960.0,-4.769718220963314,4.410000000000011,0,0,0.4
종근당,2021,11014,90.5,10.57,342238862262.0,9.722483878137211,19.02,0,0,0.4
종근당,2022,11011,81.06,7.38,1488344728646.0,334.88478158468223,-9.439999999999998,0,0,0.4
종근당,2022,11012,88.08,7.36,366025753310.0,-75.40719254987475,7.019999999999996,0,0,0.4
종근당,2022,11013,88.93,7.34,341371857267.0,-6.735563227464969,0.8500000000000085,0,0,0.4
종근당,2022,11014,81.63,10.24,383889439562.0,12.454917237581586,-7.300000000000011,0,0,0.4
종근당,2023,11011,71.94,14.77,1669404438769.0,334.8659449120853,-9.689999999999998,0,0,0.4
종근당,2023,11012,72.9,11.36,396005766344.0,-76.27862025837129,0.960000000000008,0,0,0.4
종근당,2023,11013,82.35,8.62,365181132221.0,-7.783885171061733,9.449999999999989,0,0,0.4
종근당,2023,11014,73.75,13.81,403606492702.0,10.522274315570556,-8.599999999999994,0,0,0.4
종근당,2024,11011,62.74,6.27,1586430795630.0,293.06374508730465,-11.009999999999998,0,0,0.4
종근당,2024,11012,67.77,9.03,396802358706.0,-74.9877297012239,5.029999999999994,0,0,0.4
종근당,2024,11013,71.18,8.53,361502275698.0,-8.896137392710068,3.410000000000011,0,0,0.4
종근당,2024,11014,63.19,6.3,412762304471.0,14.179725058168868,-7.990000000000009,0,0,0.4
종근당,2025,11011,78.89,4.76,1692403987134.0,310.01902761033386,15.700000000000005,0,0,0.4
종근당,2025,11012,64.1,5.44,434849104888.0,-74.3058331111359,-14.790000000000006,0,0,0.4
종근당,2025,11013,66.39,3.11,400955846488.0,-7.79425736859446,2.2900000000000063,0,0,0.4
주성엔지니어링,2016,11011,121.68,14.06,268011410937.0,52.59314961207056,-47.70999999999998,0,0,0.2
주성엔지니어링,2016,11012,143.08,13.38,69610314503.0,-74.0271079281162,21.40000000000001,0,0,0.2
주성엔지니어링,2016,11013,145.78,14.74,54266497107.0,-22.04244802735193,2.6999999999999886,0,0,0.2
주성엔지니어링,2016,11014,129.63,13.16,62995260824.0,16.084995683043736,-16.150000000000006,0,0,0.2
주성엔지니어링,2017,11011,67.35,15.29,272687422531.0,332.8697412537917,-62.28,0,0,0.2
주성엔지니어링,2017,11012,82.91,16.99,76415070557.0,-71.9770461549935,15.560000000000002,0,0,0.2
주성엔지니어링,2017,11013,102.81,16.56,76089854933.0,-0.4255909490490039,19.90000000000001,0,0,0.2
주성엔지니어링,2017,11014,73.44,14.09,61863161036.0,-18.697228309249823,-29.370000000000005,0,0,0.2
주성엔지니어링,2018,11011,73.55,15.68,264029619691.0,326.79619868980404,0.1099999999999994,0,0,0.2
주성엔지니어링,2018,11012,47.72,13.62,51128851076.0,-80.63518360711299,-25.83,0,0,0.2
주성엔지니어링,2018,11013,64.42,18.11,70189503165.0,37.27964092263187,16.700000000000003,0,0,0.2
주성엔지니어링,2018,11014,57.1,14.62,51123096107.0,-27.164185808779827,-7.32,0,0,0.2
주성엔지니어링,2019,11011,81.59,11.94,259064128325.0,406.7457725619396,24.49,0,0,0.2
주성엔지니어링,2019,11012,98.2,14.51,67686786352.0,-73.87257479851247,16.61,0,0,0.2
주성엔지니어링,2019,11013,87.21,15.53,61841584417.0,-8.635661773928028,-10.990000000000007,0,0,0.2
주성엔지니어링,2019,11014,95.02,14.56,68376046313.0,10.566452909643932,7.810000000000002,0,1,0.2
주성엔지니어링,2020,11011,141.51,-21.12,118545864748.0,73.3733831367513,46.49,1,0,0.2
주성엔지니어링,2020,11012,117.54,2.53,35633396751.0,-69.94125705966377,-23.969999999999985,0,1,0.2
주성엔지니어링,2020,11013,111.89,-6.83,35312254778.0,-0.9012387318674264,-5.650000000000006,1,1,0.2
주성엔지니어링,2020,11014,122.38,-78.37,17624054723.0,-50.09082587957533,10.489999999999997,1,0,0.2
주성엔지니어링,2021,11011,92.6,27.2,377294631076.0,2040.7935744980268,-29.78,0,0,0.2
주성엔지니어링,2021,11012,131.25,16.67,72282181043.0,-80.84197995692128,38.650000000000006,0,0,0.2
주성엔지니어링,2021,11013,130.36,21.32,75324934518.0,4.209548509873962,-0.8899999999999864,0,0,0.2
주성엔지니어링,2021,11014,115.4,26.91,88369688853.0,17.317976336086648,-14.960000000000008,0,0,0.2
주성엔지니어링,2022,11011,71.9,28.29,437938720318.0,395.575718328596,-43.5,0,0,0.2
주성엔지니어링,2022,11012,85.58,29.1,118976388273.0,-72.83264010393788,13.679999999999993,0,0,0.2
주성엔지니어링,2022,11013,97.22,28.6,106988849751.0,-10.075560954576734,11.64,0,0,0.2
주성엔지니어링,2022,11014,75.74,29.14,105150090412.0,-1.7186457684884249,-21.480000000000004,0,0,0.2
주성엔지니어링,2023,11011,56.44,10.16,284745246660.0,170.7988605091148,-19.3,0,1,0.2
주성엔지니어링,2023,11012,68.44,-27.59,31665170538.0,-88.87947352609899,12.0,1,0,0.2
주성엔지니어링,2023,11013,74.57,16.87,68704739435.0,116.9725861812442,6.129999999999996,0,0,0.2
주성엔지니어링,2023,11014,59.17,7.18,86070880475.0,25.276481917859115,-15.399999999999991,0,0,0.2
주성엔지니어링,2024,11011,74.17,23.74,409393371588.0,375.6467801057428,15.0,0,0,0.2
주성엔지니어링,2024,11012,68.77,37.05,97332738359.0,-76.22513086094797,-5.400000000000006,0,0,0.2
주성엔지니어링,2024,11013,69.26,12.43,56571324569.0,-41.87842084505675,0.4900000000000091,0,0,0.2
주성엔지니어링,2024,11014,60.83,35.44,147204570853.0,160.2105783707693,-8.430000000000007,0,0,0.2
주성엔지니어링,2025,11011,50.37,10.06,310692584812.0,111.06177818504077,-10.46,0,0,0.2
주성엔지니어링,2025,11012,50.32,8.35,78792213478.0,-74.63981526122448,-0.0499999999999971,0,0,0.2
주성엔지니어링,2025,11013,63.43,28.06,120846474023.0,53.373624992452086,13.11,0,0,0.2
진흥기업,2016,11011,500.0,9.21,646578597991.0,-11.16306915469567,-205.13,1,1,0.2
진흥기업,2016,11012,710.71,6.66,161852609180.0,-74.96783690600088,210.71000000000004,1,1,0.2
진흥기업,2016,11013,731.99,6.39,140779819906.0,-13.019740232030774,21.279999999999973,1,1,0.2
진흥기업,2016,11014,576.11,13.14,160534885625.0,14.03259766363576,-155.88,1,1,0.2
진흥기업,2017,11011,313.32,7.26,573309875036.0,257.1247911654654,-262.79,1,1,0.2
진흥기업,2017,11012,454.97,3.92,154032697391.0,-73.13273255910204,141.65000000000003,1,1,0.2
진흥기업,2017,11013,628.91,7.14,109144064301.0,-29.14227553650749,173.93999999999994,1,1,0.2
진흥기업,2017,11014,363.58,10.75,148319993278.0,35.893778766529834,-265.33,1,1,0.2
진흥기업,2018,11011,364.75,5.22,671155389696.0,352.50500277331867,1.170000000000016,1,1,0.2
진흥기업,2018,11012,508.38,7.53,187199221853.0,-72.10791647850851,143.63,1,1,0.2
진흥기업,2018,11013,339.79,8.85,148281310601.0,-20.789568923828472,-168.58999999999995,1,1,0.2
진흥기업,2018,11014,441.59,7.93,159364764261.0,7.474612690619997,101.79999999999995,1,1,0.2
진흥기업,2019,11011,234.47,5.13,546534147300.0,242.9454119512344,-207.12,1,1,0.2
진흥기업,2019,11012,282.24,5.36,148001398739.0,-72.92000884662747,47.77000000000001,1,1,0.2
진흥기업,2019,11013,349.19,4.58,148861007759.0,0.5808114161920397,66.94999999999999,1,1,0.2
진흥기업,2019,11014,241.48,6.48,123308960670.0,-17.165037019209052,-107.71,1,0,0.2
진흥기업,2020,11011,138.05,3.89,377247251739.0,205.936608085272,-103.42999999999998,0,1,0.2
진흥기업,2020,11012,208.94,5.3,90676490576.0,-75.96364449097833,70.88999999999999,1,1,0.2
진흥기업,2020,11013,226.23,2.46,85767219880.0,-5.414050174212825,17.289999999999992,1,0,0.2
진흥기업,2020,11014,191.31,3.18,91352174026.0,6.511758401186496,-34.91999999999999,0,0,0.2
진흥기업,2021,11011,95.74,9.76,444244783883.0,386.2990822271644,-95.57,0,0,0.2
진흥기업,2021,11012,109.05,15.72,106317781750.0,-76.06774787073229,13.310000000000002,0,0,0.2
진흥기업,2021,11013,125.65,11.23,79607104967.0,-25.12343311094336,16.60000000000001,0,0,0.2
진흥기업,2021,11014,94.71,8.35,104160038719.0,30.84264119663449,-30.94000000000001,0,0,0.2
진흥기업,2022,11011,101.02,8.06,628936048866.0,503.8170267608347,6.310000000000002,0,0,0.2
진흥기업,2022,11012,98.96,7.53,161938972516.0,-74.25191753470273,-2.0600000000000023,0,0,0.2
진흥기업,2022,11013,96.76,10.74,120424090790.0,-25.63612766031241,-2.1999999999999886,0,0,0.2
진흥기업,2022,11014,93.81,7.6,149524599153.0,24.165022274277792,-2.950000000000003,0,0,0.2
진흥기업,2023,11011,114.39,6.81,759439767128.0,407.9028945270126,20.58,0,0,0.2
진흥기업,2023,11012,95.64,8.26,172735924689.0,-77.25482228271487,-18.75,0,0,0.2
진흥기업,2023,11013,94.31,7.44,152252560605.0,-11.85819575220325,-1.3299999999999983,0,0,0.2
진흥기업,2023,11014,98.69,7.79,202538215957.0,33.027789583427605,4.379999999999996,0,1,0.2
진흥기업,2024,11011,102.63,-0.65,726191073004.0,258.5452106273981,3.9399999999999977,1,1,0.2
진흥기업,2024,11012,110.59,-9.72,188956735764.0,-73.97974957439897,7.960000000000008,1,0,0.2
진흥기업,2024,11013,103.61,5.63,171165836631.0,-9.415329419756793,-6.980000000000004,0,1,0.2
진흥기업,2024,11014,98.1,-1.98,166016414136.0,-3.0084405839122863,-5.510000000000005,1,1,0.2
진흥기업,2025,11011,133.72,-3.99,576381970077.0,247.18372461944043,35.620000000000005,1,0,0.2
진흥기업,2025,11012,87.28,0.18,136765973592.0,-76.27164264459397,-46.44,0,0,0.2
진흥기업,2025,11013,82.86,1.24,95363849971.0,-30.272239895363697,-4.420000000000002,0,0,0.2
카카오게임즈,2020,11014,26.42,14.11,150534944250.0,-69.62089622635436,-1.3299999999999983,0,0,0.4
카카오게임즈,2023,11011,113.53,7.27,1025085964285.0,580.9621310136433,87.11,0,0,0.4
카카오게임즈,2024,11011,114.65,3.05,627227484059.0,-38.81220639905136,1.1200000000000043,0,0,0.4
카카오게임즈,2024,11012,112.92,1.19,235613377051.0,-62.43573774441984,-1.730000000000004,0,0,0.4
카카오게임즈,2024,11013,114.85,4.98,246277620948.0,4.526162321713878,1.9299999999999928,0,0,0.4
카카오게임즈,2024,11014,106.17,2.95,193899333467.0,-21.26798499976551,-8.679999999999993,0,1,0.4
카카오게임즈,2025,11011,123.44,-8.51,465018566528.0,139.82473699794446,17.269999999999996,1,1,0.4
카카오게임즈,2025,11012,119.55,-7.44,115808058731.0,-75.09603549904134,-3.890000000000001,1,1,0.4
카카오게임즈,2025,11013,118.38,-10.13,122854093781.0,6.084235524892612,-1.1700000000000017,1,1,0.4
케이조선,2023,11014,233.27,-2.83,190470000000.0,-73.10156077886424,-34.41,1,1,0.2
케이조선,2024,11011,271.12,1.2,934746000000.0,390.7575996219877,37.85,1,1,0.2
케이조선,2024,11012,268.04,3.56,245276000000.0,-73.76014446705308,-3.079999999999984,1,1,0.2
케이조선,2024,11013,290.15,1.08,232706000000.0,-5.124838956930155,22.10999999999996,1,1,0.2
케이조선,2024,11014,247.67,1.98,229100000000.0,-1.5495947676467337,-42.47999999999999,1,0,0.2
케이조선,2025,11011,188.59,11.58,1256302000000.0,448.3640331732868,-59.079999999999984,0,1,0.2
케이조선,2025,11012,219.15,9.57,306464000000.0,-75.60586546865325,30.56,1,1,0.2
케이조선,2025,11013,267.82,4.44,285607000000.0,-6.805693327764439,48.66999999999999,1,1,0.2
코스모신소재,2016,11011,347.04,2.65,190281005201.0,42.61372880204417,-10.379999999999995,1,1,0.2
코스모신소재,2016,11012,357.79,2.61,48278804786.0,-74.62762784177983,10.75,1,1,0.2
코스모신소재,2016,11013,360.44,2.66,39662334493.0,-17.847314843839346,2.6499999999999773,1,1,0.2
코스모신소재,2016,11014,354.37,2.81,50538685553.0,27.42236733926886,-6.069999999999993,1,0,0.2
코스모신소재,2017,11011,166.68,2.69,314604636517.0,522.5026097821117,-187.69,0,1,0.2
코스모신소재,2017,11012,337.01,4.37,78017177450.0,-75.20151695355442,170.32999999999998,1,1,0.2
코스모신소재,2017,11013,325.86,3.19,62607636565.0,-19.75147190485805,-11.149999999999975,1,1,0.2
코스모신소재,2017,11014,306.6,3.55,84056445931.0,34.25909448559297,-19.25999999999999,1,0,0.2
코스모신소재,2018,11011,168.84,2.84,534011298221.0,535.3008294680429,-137.76000000000002,0,0,0.2
코스모신소재,2018,11012,171.16,3.92,144839029824.0,-72.87716003265936,2.319999999999993,0,0,0.2
코스모신소재,2018,11013,190.3,2.4,117024842929.0,-19.20351643393233,19.14000000000001,0,0,0.2
코스모신소재,2018,11014,157.42,2.28,135314341829.0,15.628731850634823,-32.880000000000024,0,1,0.2
코스모신소재,2019,11011,75.26,-1.48,243904528628.0,80.25031591716127,-82.15999999999998,1,1,0.2
코스모신소재,2019,11012,149.7,-3.14,52696245721.0,-78.3947243548841,74.43999999999998,1,0,0.2
코스모신소재,2019,11013,167.33,1.89,104044661818.0,97.44226632171087,17.630000000000024,0,1,0.2
코스모신소재,2019,11014,146.42,-6.14,46256150944.0,-55.54202384269025,-20.910000000000025,1,0,0.2
코스모신소재,2020,11011,104.93,6.09,204252718287.0,341.568773273588,-41.48999999999998,0,0,0.2
코스모신소재,2020,11012,91.94,5.3,40691908359.0,-80.07766618712859,-12.990000000000007,0,0,0.2
코스모신소재,2020,11013,74.7,3.66,43241089964.0,6.264590941545722,-17.239999999999995,0,0,0.2
코스모신소재,2020,11014,78.28,7.17,46001905908.0,6.384704794209606,3.5799999999999983,0,0,0.2
코스모신소재,2021,11011,69.62,7.12,305893094697.0,564.9574374347899,-8.659999999999997,0,0,0.2
코스모신소재,2021,11012,84.48,6.69,86084548429.0,-71.8579628238191,14.86,0,0,0.2
코스모신소재,2021,11013,95.46,7.37,79247662307.0,-7.942059576044436,10.97999999999999,0,0,0.2
코스모신소재,2021,11014,73.62,8.09,76938514539.0,-2.913837078315973,-21.83999999999999,0,0,0.2
코스모신소재,2022,11011,79.66,6.69,485605243552.0,531.160149713896,6.039999999999992,0,0,0.2
코스모신소재,2022,11012,80.04,9.07,119275984264.0,-75.4376655013966,0.3800000000000096,0,0,0.2
코스모신소재,2022,11013,86.84,9.2,90674618517.0,-23.979148798047262,6.799999999999997,0,0,0.2
코스모신소재,2022,11014,73.23,8.1,133834414944.0,47.59854205386951,-13.61,0,0,0.2
코스모신소재,2023,11011,40.5,5.13,629578773085.0,370.4162029986331,-32.730000000000004,0,0,0.2
코스모신소재,2023,11012,99.41,5.01,196063658631.0,-68.85796233721983,58.91,0,0,0.2
코스모신소재,2023,11013,114.29,3.4,190536729738.0,-2.81894611759842,14.88000000000001,0,0,0.2
코스모신소재,2023,11014,69.8,5.25,154223402454.0,-19.05843945885558,-44.49000000000001,0,0,0.2
코스모신소재,2024,11011,58.32,4.39,569728589077.0,269.4177277971365,-11.479999999999997,0,0,0.2
코스모신소재,2024,11012,51.46,3.74,185391348079.0,-67.45970772164569,-6.859999999999999,0,0,0.2
코스모신소재,2024,11013,39.61,4.33,122100446104.0,-34.13908072345973,-11.85,0,0,0.2
코스모신소재,2024,11014,49.84,5.47,119338025343.0,-2.262416599728956,10.230000000000004,0,0,0.2
코스모신소재,2025,11011,45.14,0.52,456295847107.0,282.3557879355886,-4.700000000000003,0,0,0.2
코스모신소재,2025,11012,51.3,0.44,120131119607.0,-73.67253715573932,6.159999999999997,0,0,0.2
코스모신소재,2025,11013,50.72,0.92,113876600402.0,-5.206410483362845,-0.5799999999999983,0,0,0.2
파인엠텍,2022,11014,119.26,8.58,53783261319.0,-53.78363156876074,28.040000000000006,0,0,0.2
파인엠텍,2023,11011,66.37,5.35,380029515142.0,606.594404693988,-52.89,0,0,0.2
파인엠텍,2023,11012,104.9,6.98,109634052755.0,-71.15117421497257,38.53,0,0,0.2
파인엠텍,2023,11013,106.59,2.06,51152470602.0,-53.34253426140253,1.6899999999999975,0,0,0.2
파인엠텍,2023,11014,84.76,8.12,160163412938.0,213.1098284268166,-21.83,0,1,0.2
파인엠텍,2024,11011,102.95,-2.07,382168522104.0,138.61162489834004,18.19,1,0,0.2
파인엠텍,2024,11012,109.93,2.92,154769044122.0,-59.50240923299212,6.980000000000004,0,0,0.2
파인엠텍,2024,11013,76.99,1.61,69547987843.0,-55.06337314574528,-32.94000000000001,0,0,0.2
파인엠텍,2024,11014,104.43,1.02,98838051298.0,42.11489701344111,27.44000000000001,0,0,0.2
파인엠텍,2025,11011,94.54,0.81,239121107842.0,141.93223632165908,-9.89,0,0,0.2
파인엠텍,2025,11012,128.27,6.91,76510005533.0,-68.0036588055814,33.730000000000004,0,1,0.2
파인엠텍,2025,11013,109.27,-6.76,43576364038.0,-43.04488186292862,-19.00000000000001,1,0,0.2
팬오션,2016,11011,68.78,8.96,1873986000000.0,3.0051453488212365,-8.659999999999997,0,0,0.2
팬오션,2016,11012,69.94,9.3,442982000000.0,-76.36150963774543,1.1599999999999966,0,0,0.2
팬오션,2016,11013,73.22,8.79,452543000000.0,2.15832697491094,3.280000000000001,0,0,0.2
팬오션,2016,11014,66.11,7.9,465836000000.0,2.93740042382713,-7.109999999999999,0,0,0.2
팬오션,2017,11011,61.61,8.35,2336240000000.0,401.51555483045536,-4.5,0,0,0.2
팬오션,2017,11012,69.36,7.72,632503000000.0,-72.92645447385542,7.75,0,0,0.2
팬오션,2017,11013,70.6,7.82,522916000000.0,-17.3259257268345,1.2399999999999949,0,0,0.2
팬오션,2017,11014,66.24,8.94,583827000000.0,11.648333575564717,-4.359999999999999,0,0,0.2
팬오션,2018,11011,54.84,7.64,2668353000000.0,357.045152074159,-11.399999999999991,0,0,0.2
팬오션,2018,11012,58.25,7.38,678799000000.0,-74.56112440895188,3.4099999999999966,0,0,0.2
팬오션,2018,11013,61.6,7.78,565516000000.0,-16.6887399657336,3.3500000000000014,0,0,0.2
팬오션,2018,11014,58.62,7.45,771494000000.0,36.42301897735874,-2.980000000000004,0,0,0.2
팬오션,2019,11011,53.62,8.51,2467891000000.0,219.8846653376436,-5.0,0,0,0.2
팬오션,2019,11012,54.83,7.99,632257000000.0,-74.38067564572341,1.2100000000000009,0,0,0.2
팬오션,2019,11013,55.08,8.41,534797000000.0,-15.414617789917706,0.25,0,0,0.2
팬오션,2019,11014,51.91,9.3,682183000000.0,27.559242104948225,-3.1700000000000017,0,0,0.2
팬오션,2020,11011,66.01,9.02,2497159000000.0,266.0541233070892,14.100000000000009,0,0,0.2
팬오션,2020,11012,57.09,9.4,683434000000.0,-72.63153848032904,-8.920000000000002,0,0,0.2
팬오션,2020,11013,56.11,6.77,558779000000.0,-18.239508130997283,-0.980000000000004,0,0,0.2
팬오션,2020,11014,62.95,9.92,634433000000.0,13.539163068046587,6.840000000000003,0,0,0.2
팬오션,2021,11011,80.4,12.41,4616107000000.0,627.5956641599665,17.450000000000003,0,0,0.2
팬오션,2021,11012,80.91,9.91,1129948000000.0,-75.52162460705524,0.5099999999999909,0,0,0.2
팬오션,2021,11013,73.54,7.19,679924000000.0,-39.82696548867736,-7.36999999999999,0,0,0.2
팬오션,2021,11014,80.2,14.4,1328200000000.0,95.3453621287085,6.659999999999997,0,0,0.2
팬오션,2022,11011,68.03,12.3,6420312000000.0,383.3844300557145,-12.170000000000002,0,0,0.2
팬오션,2022,11012,79.85,13.87,1722173000000.0,-73.17617897697184,11.819999999999991,0,0,0.2
팬오션,2022,11013,84.7,11.74,1440894000000.0,-16.33279583410029,4.8500000000000085,0,0,0.2
팬오션,2022,11014,71.97,12.22,1836531000000.0,27.45774498332285,-12.730000000000004,0,0,0.2
팬오션,2023,11011,66.63,8.85,4360982000000.0,137.45757626743028,-5.340000000000003,0,0,0.2
팬오션,2023,11012,64.12,10.21,1224746000000.0,-71.91582079449078,-2.509999999999991,0,0,0.2
팬오션,2023,11013,69.07,11.3,996439000000.0,-18.641171312255768,4.949999999999989,0,0,0.2
팬오션,2023,11014,64.07,7.15,1111597000000.0,11.556954314313272,-5.0,0,0,0.2
팬오션,2024,11011,81.69,9.13,5161218000000.0,364.30657873312,17.620000000000005,0,0,0.2
팬오션,2024,11012,66.43,10.96,1233427000000.0,-76.10201700451327,-15.259999999999993,0,0,0.2
팬오션,2024,11013,67.85,10.06,975515000000.0,-20.910195739188453,1.4199999999999875,0,0,0.2
팬오션,2024,11014,73.97,10.03,1276787000000.0,30.883379548238636,6.1200000000000045,0,0,0.2
팬오션,2025,11011,89.63,9.05,5432888000000.0,325.51247780561675,15.659999999999997,0,0,0.2
팬오션,2025,11012,93.15,9.51,1293649000000.0,-76.18855754066713,3.5200000000000102,0,0,0.2
팬오션,2025,11013,94.39,8.13,1393446000000.0,7.714380021164935,1.2399999999999949,0,0,0.2
포스코퓨처엠,2016,11011,27.13,7.64,1117704662075.0,-8.476986995395697,-6.180000000000003,0,0,0.4
포스코퓨처엠,2016,11012,29.37,6.9,271211040743.0,-75.73499959823901,2.240000000000002,0,0,0.4
포스코퓨처엠,2016,11013,33.91,4.41,278016825319.0,2.50940542735838,4.539999999999996,0,0,0.4
포스코퓨처엠,2016,11014,25.45,8.25,281785024556.0,1.3553853198188026,-8.459999999999997,0,0,0.4
포스코퓨처엠,2017,11011,28.16,8.68,1197158860569.0,324.84829080442665,2.710000000000001,0,0,0.4
포스코퓨처엠,2017,11012,23.41,9.18,294070084734.0,-75.43600148486301,-4.75,0,0,0.4
포스코퓨처엠,2017,11013,29.23,10.68,285872893116.0,-2.7874959213939565,5.82,0,0,0.4
포스코퓨처엠,2017,11014,26.19,8.48,307245292218.0,7.476189459253013,-3.039999999999999,0,0,0.4
포스코퓨처엠,2018,11011,25.0,7.68,1383593537088.0,350.3221276719507,-1.1900000000000013,0,0,0.4
포스코퓨처엠,2018,11012,28.13,6.25,334585712839.0,-75.81762968167727,3.129999999999999,0,0,0.4
포스코퓨처엠,2018,11013,27.52,6.85,336918445877.0,0.6972004327998604,-0.6099999999999994,0,0,0.4
포스코퓨처엠,2018,11014,26.23,9.55,346179737647.0,2.748823011424273,-1.2899999999999991,0,0,0.4
포스코퓨처엠,2019,11011,71.93,6.06,1483769011914.0,328.6123220264848,45.7,0,0,0.4
포스코퓨처엠,2019,11012,30.25,4.52,369838113551.0,-75.07441450917456,-41.68000000000001,0,0,0.4
포스코퓨처엠,2019,11013,32.96,6.17,355326970469.0,-3.9236472797979816,2.710000000000001,0,0,0.4
포스코퓨처엠,2019,11014,32.81,7.52,371735075255.0,4.617748200859273,-0.1499999999999985,0,0,0.4
포스코퓨처엠,2020,11011,103.99,3.85,1566235713095.0,321.3311622586611,71.17999999999999,0,0,0.4
포스코퓨처엠,2020,11012,114.53,1.2,340180890271.0,-78.28035158266331,10.540000000000006,0,0,0.4
포스코퓨처엠,2020,11013,68.39,4.12,387519526259.0,13.915724645875429,-46.14,0,0,0.4
포스코퓨처엠,2020,11014,104.31,4.99,388652698332.0,0.2924167677276212,35.92,0,0,0.4
포스코퓨처엠,2021,11011,60.86,6.12,1989542181862.0,411.9074665892239,-43.45,0,0,0.4
포스코퓨처엠,2021,11012,47.76,7.42,479995536404.0,-75.87407089028014,-13.1,0,0,0.4
포스코퓨처엠,2021,11013,47.76,7.31,467239503234.0,-2.657531623224008,0.0,0,0,0.4
포스코퓨처엠,2021,11014,56.22,6.23,504959126253.0,8.072866861197191,8.46,0,0,0.4
포스코퓨처엠,2022,11011,74.96,5.02,3301915805063.0,553.8976391147824,18.739999999999995,0,0,0.4
포스코퓨처엠,2022,11012,77.63,6.87,803218906477.0,-75.67415543287377,2.6700000000000017,0,0,0.4
포스코퓨처엠,2022,11013,61.2,3.84,664569703004.0,-17.26169570399302,-16.429999999999993,0,0,0.4
포스코퓨처엠,2022,11014,79.49,7.77,1053325465801.0,58.49736469173048,18.289999999999992,0,0,0.4
포스코퓨처엠,2023,11011,142.57,0.75,4759871486264.0,351.8899087514572,63.08,0,0,0.4
포스코퓨처엠,2023,11012,119.67,4.37,1193021877941.0,-74.93583846992901,-22.89999999999999,0,0,0.4
포스코퓨처엠,2023,11013,100.81,1.79,1135237636646.0,-4.843518996879426,-18.86,0,0,0.4
포스코퓨처엠,2023,11014,133.01,2.89,1285771925310.0,13.260156623131849,32.19999999999999,0,0,0.4
포스코퓨처엠,2024,11011,138.89,0.02,3699944235821.0,187.7605400295968,5.879999999999996,0,0,0.4
포스코퓨처엠,2024,11012,179.79,0.3,915486800782.0,-75.256740576825,40.900000000000006,0,0,0.4
포스코퓨처엠,2024,11013,161.44,3.33,1138422307321.0,24.3515806397832,-18.349999999999994,0,0,0.4
포스코퓨처엠,2024,11014,192.3,0.15,922788171172.0,-18.94148900300825,30.860000000000014,0,0,0.4
포스코퓨처엠,2025,11011,102.65,1.12,2938698184392.0,218.45858846019505,-89.65,0,0,0.4
포스코퓨처엠,2025,11012,150.74,0.12,660936939289.0,-77.50919292088703,48.09,0,0,0.4
포스코퓨처엠,2025,11013,139.02,2.03,845393850220.0,27.90839790698168,-11.72,0,0,0.4
한국가스공사,2016,11011,325.38,4.35,21108115739226.0,-18.97923657139965,3.930000000000007,1,1,0.2
한국가스공사,2016,11012,294.03,-0.18,3536763916949.0,-83.24453039464579,-31.350000000000023,1,1,0.2
한국가스공사,2016,11013,297.53,11.51,7764577189195.0,119.53902978893586,3.5,1,1,0.2
한국가스공사,2016,11014,297.03,-5.23,3628224631903.0,-53.27209011519712,-0.5,1,1,0.2
한국가스공사,2017,11011,356.24,4.66,22172305487411.0,511.106194816324,59.21000000000004,1,1,0.2
한국가스공사,2017,11012,306.82,-0.85,4025828773628.0,-81.84298526865514,-49.420000000000016,1,1,0.2
한국가스공사,2017,11013,301.59,10.71,7718167216953.0,91.71623163688444,-5.230000000000018,1,1,0.2
한국가스공사,2017,11014,332.62,-5.46,3864258946130.0,-49.93294602840255,31.03000000000003,1,1,0.2
한국가스공사,2018,11011,367.05,4.88,26185037650646.0,577.6211950513808,34.43000000000001,1,1,0.2
한국가스공사,2018,11012,325.29,0.3,5056555840394.0,-80.68914046312531,-41.75999999999999,1,1,0.2
한국가스공사,2018,11013,326.67,10.98,8771508529749.0,73.46804438859982,1.3799999999999957,1,1,0.2
한국가스공사,2018,11014,332.26,-3.64,4727681342787.0,-46.10184409269127,5.589999999999975,1,1,0.2
한국가스공사,2019,11011,382.56,5.34,24982639514904.0,428.4332361575064,50.30000000000001,1,1,0.2
한국가스공사,2019,11012,319.5,4.2,4874832433253.0,-80.4871201445916,-63.06,1,1,0.2
한국가스공사,2019,11013,339.69,9.99,8701282098238.0,78.49397322630823,20.19,1,1,0.2
한국가스공사,2019,11014,359.08,-3.54,4520399197596.0,-48.049044421725206,19.389999999999983,1,1,0.2
한국가스공사,2020,11011,364.24,4.31,20833721595457.0,360.8823399167182,5.160000000000025,1,1,0.2
한국가스공사,2020,11012,369.86,-2.36,4094590495945.0,-80.34633189665995,5.6200000000000045,1,1,0.2
한국가스공사,2020,11013,362.25,12.04,7967770073175.0,94.59259921268637,-7.610000000000014,1,1,0.2
한국가스공사,2020,11014,364.04,-6.6,3389013111562.0,-57.46597755158936,1.7900000000000205,1,1,0.2
한국가스공사,2021,11011,378.87,4.5,27520756430324.0,712.0581279675148,14.829999999999984,1,1,0.2
한국가스공사,2021,11012,330.36,1.12,4840944665639.0,-82.40984153943909,-48.50999999999999,1,1,0.2
한국가스공사,2021,11013,354.07,9.92,7711405541316.0,59.2954696642479,23.70999999999998,1,1,0.2
한국가스공사,2021,11014,359.85,0.15,5372758396277.0,-30.32711912904914,5.78000000000003,1,1,0.2
한국가스공사,2022,11011,499.62,4.76,51724286632369.0,862.7138020613552,139.76999999999998,1,1,0.2
한국가스공사,2022,11012,355.86,3.27,8852911541823.0,-82.88442022459357,-143.76,1,1,0.2
한국가스공사,2022,11013,415.42,6.53,13979499002506.0,57.90849074300508,59.56,1,1,0.2
한국가스공사,2022,11014,478.54,1.34,10734323584230.0,-23.21381773191058,63.120000000000005,1,1,0.2
한국가스공사,2023,11011,482.68,3.49,44555995015027.0,315.079670976987,4.139999999999986,1,1,0.2
한국가스공사,2023,11012,438.23,2.52,8127613293964.0,-81.7586538215051,-44.44999999999999,1,1,0.2
한국가스공사,2023,11013,489.79,3.28,17929949415003.0,120.60534583158304,51.56,1,1,0.2
한국가스공사,2023,11014,440.34,2.92,7889265848742.0,-55.99950860909508,-49.450000000000045,1,1,0.2
한국가스공사,2024,11011,432.68,7.82,38388740000000.0,386.5945797240609,-7.659999999999968,1,1,0.2
한국가스공사,2024,11012,423.15,6.18,7533827391802.0,-80.37490318306357,-9.53000000000003,1,1,0.2
한국가스공사,2024,11013,458.94,7.19,12810655397210.0,70.04179590243899,35.79000000000002,1,1,0.2
한국가스공사,2024,11014,402.74,5.42,8109307589519.0,-36.69872978329348,-56.19999999999999,1,1,0.2
한국가스공사,2025,11011,396.6,5.88,35727336000000.0,340.5719675274908,-6.139999999999986,1,1,0.2
한국가스공사,2025,11012,362.93,5.3,7630102000000.0,-78.64351822929088,-33.670000000000016,1,1,0.2
한국가스공사,2025,11013,401.84,6.55,12732709000000.0,66.87468922433801,38.90999999999997,1,1,0.2
한국금융지주,2023,11014,1038.46,3.9,5449015834294.0,-73.91988145357513,2.8700000000001182,1,1,0.4
한국금융지주,2024,11011,1021.99,5.67,21174133586717.0,288.58638386504924,-16.470000000000027,1,1,0.4
한국금융지주,2024,11012,1000.95,5.2,5755454842430.0,-72.81846353306977,-21.039999999999964,1,1,0.4
한국금융지주,2024,11013,1013.03,5.71,6681819185476.0,16.09541501771008,12.079999999999927,1,1,0.4
한국금융지주,2024,11014,992.18,5.77,6303579292402.0,-5.660732243341227,-20.850000000000023,1,1,0.4
한국금융지주,2025,11012,1017.17,8.32,7033792000000.0,11.584096490674112,24.99000000000001,1,1,0.4
한국금융지주,2025,11013,1020.36,9.87,5363814187996.0,-23.742212052958067,3.1900000000000546,1,1,0.4
한국항공우주,2016,11011,106.2,10.86,2946331000000.0,-3.072831629841666,-25.029999999999987,0,0,0.4
한국항공우주,2016,11012,120.09,11.86,801349000000.0,-72.80179993354446,13.89,0,0,0.4
한국항공우주,2016,11013,126.64,11.43,710595000000.0,-11.325152960819818,6.549999999999997,0,0,0.4
한국항공우주,2016,11014,124.77,11.74,801464000000.0,12.78773422272883,-1.8700000000000043,0,1,0.4
한국항공우주,2017,11011,177.64,-10.08,2072249142312.0,158.557981682521,52.86999999999999,1,1,0.4
한국항공우주,2017,11012,117.7,-7.02,545121000000.0,-73.69423449770085,-59.93999999999998,1,0,0.4
한국항공우주,2017,11013,122.82,13.73,711822000000.0,30.580550006328867,5.11999999999999,0,1,0.4
한국항공우주,2017,11014,191.78,-19.13,477240000000.0,-32.95514889958445,68.96000000000001,1,1,0.4
한국항공우주,2018,11011,256.71,5.25,2786023511399.0,483.7782900425362,64.92999999999998,1,1,0.4
한국항공우주,2018,11012,262.12,3.97,839063304322.0,-69.8831219159143,5.410000000000025,1,1,0.4
한국항공우주,2018,11013,257.04,6.39,641176128845.0,-23.584296257229543,-5.079999999999984,1,1,0.4
한국항공우주,2018,11014,301.5,-0.09,439078326760.0,-31.51985749205204,44.45999999999998,1,1,0.4
한국항공우주,2019,11011,269.11,8.86,3110157574663.0,608.3377577784682,-32.389999999999986,1,1,0.4
한국항공우주,2019,11012,255.35,14.48,805330462545.0,-74.10644177305835,-13.76000000000002,1,1,0.4
한국항공우주,2019,11013,308.42,5.29,630897916104.0,-21.659747712728937,53.07000000000002,1,1,0.4
한국항공우주,2019,11014,272.44,8.42,567707635150.0,-10.01592798787806,-35.98000000000002,1,1,0.4
한국항공우주,2020,11011,317.98,4.94,2825136012824.0,397.6392491317368,45.54000000000002,1,1,0.4
한국항공우주,2020,11012,318.48,8.49,721139700286.0,-74.47415993380261,0.5,1,1,0.4
한국항공우주,2020,11013,289.35,7.99,827694930721.0,14.775948459465038,-29.129999999999995,1,1,0.4
한국항공우주,2020,11014,277.97,4.47,514600744945.0,-37.82724457467265,-11.379999999999995,1,1,0.4
한국항공우주,2021,11011,351.29,2.27,2562283675152.0,397.9168219870832,73.32,1,1,0.4
한국항공우주,2021,11012,357.78,8.47,708535433448.0,-72.34750233476908,6.489999999999952,1,1,0.4
한국항공우주,2021,11013,331.55,1.37,611746466112.0,-13.660427237207951,-26.22999999999996,1,1,0.4
한국항공우주,2021,11014,332.4,0.63,445140642508.0,-27.234456238525684,0.8499999999999659,1,1,0.4
한국항공우주,2022,11011,434.84,5.08,2786888282702.0,526.0691602995821,102.44,1,1,0.4
한국항공우주,2022,11012,359.94,5.15,668470722475.0,-76.01372374256457,-74.89999999999998,1,1,0.4
한국항공우주,2022,11013,358.5,6.12,640671313704.0,-4.1586576399446855,-1.4399999999999975,1,1,0.4
한국항공우주,2022,11014,330.96,5.0,608949026858.0,-4.951413644946834,-27.54000000000002,1,1,0.4
한국항공우주,2023,11011,340.73,6.48,3819344382446.0,527.2026415992004,9.77000000000004,1,1,0.4
한국항공우주,2023,11012,422.52,1.14,733450213207.0,-80.7964367764794,81.78999999999996,1,1,0.4
한국항공우주,2023,11013,418.38,3.41,568745902535.0,-22.456099637879014,-4.139999999999986,1,1,0.4
한국항공우주,2023,11014,375.5,6.49,1007116555474.0,77.07671404490218,-42.88,1,1,0.4
한국항공우주,2024,11011,364.66,6.62,3633742105840.0,260.8065110328543,-10.839999999999977,1,1,0.4
한국항공우주,2024,11012,354.45,8.33,891809660832.0,-75.45754115574904,-10.210000000000036,1,1,0.4
한국항공우주,2024,11013,346.09,6.49,739922390124.0,-17.03135516229989,-8.360000000000014,1,1,0.4
한국항공우주,2024,11014,332.03,8.41,907208791321.0,22.60864158590541,-14.060000000000002,1,1,0.4
한국항공우주,2025,11011,446.57,7.28,3696379351601.0,307.44527466699793,114.54000000000002,1,1,0.4
한국항공우주,2025,11012,432.37,10.29,828336336027.0,-77.59060266181214,-14.199999999999989,1,1,0.4
한국항공우주,2025,11013,411.44,6.69,699256592260.0,-15.583011169848348,-20.930000000000007,1,1,0.4
한미약품,2016,11011,117.42,3.03,882724835492.0,-33.00176787209457,-13.86,0,0,0.2
한미약품,2016,11012,99.64,2.73,234542911409.0,-73.42966890942023,-17.78,0,0,0.2
한미약품,2016,11013,109.15,8.8,256374102243.0,9.307972985775038,9.510000000000003,0,0,0.2
한미약품,2016,11014,97.67,6.27,219723508606.0,-14.295747236692936,-11.480000000000004,0,0,0.2
한미약품,2017,11011,109.6,8.96,916586234608.0,317.1543775279814,11.929999999999993,0,0,0.2
한미약품,2017,11012,102.49,9.67,222819240906.0,-75.69031341592273,-7.109999999999999,0,0,0.2
한미약품,2017,11013,99.32,13.43,233549909120.0,4.815862476852661,-3.1700000000000017,0,0,0.2
한미약품,2017,11014,105.35,12.23,227579717663.0,-2.55628078790322,6.030000000000001,0,0,0.2
한미약품,2018,11011,114.28,8.23,1015962250114.0,346.4203842709905,8.930000000000007,0,0,0.2
한미약품,2018,11012,120.08,8.27,241309273796.0,-76.24820471735806,5.799999999999997,0,0,0.2
한미약품,2018,11013,115.93,10.68,245676798145.0,1.8099280977871723,-4.149999999999992,0,0,0.2
한미약품,2018,11014,118.54,9.14,235255530320.0,-4.241860812126552,2.6099999999999994,0,0,0.2
한미약품,2019,11011,132.74,9.33,1113649783994.0,373.3787904918485,14.200000000000005,0,0,0.2
한미약품,2019,11012,130.83,8.55,270393951942.0,-75.72001936082118,-1.9099999999999968,0,0,0.2
한미약품,2019,11013,130.52,9.44,274643380359.0,1.5715693292990274,-0.3100000000000023,0,0,0.2
한미약품,2019,11014,132.94,9.39,265707441033.0,-3.2536518136062065,2.4199999999999875,0,0,0.2
한미약품,2020,11011,126.24,4.55,1075853605008.0,304.90157175326624,-6.700000000000003,0,0,0.2
한미약품,2020,11012,136.54,4.36,243410988949.0,-77.37508264916862,10.299999999999995,0,0,0.2
한미약품,2020,11013,137.83,9.97,288201349298.0,18.40112500359816,1.2900000000000205,0,1,0.2
한미약품,2020,11014,141.01,-12.09,266933126011.0,-7.379640428056666,3.1799999999999784,1,0,0.2
한미약품,2021,11011,108.64,10.42,1203185652812.0,350.74422601352904,-32.36999999999999,0,0,0.2
한미약품,2021,11012,122.12,5.68,279307056526.0,-76.78603830811784,13.480000000000004,0,0,0.2
한미약품,2021,11013,127.31,11.08,270316464766.0,-3.218891735792251,5.189999999999998,0,0,0.2
한미약품,2021,11014,114.84,12.17,303082909192.0,12.121512633114806,-12.47,0,0,0.2
한미약품,2022,11011,90.7,11.87,1331546600126.0,339.33410949361,-24.14,0,0,0.2
한미약품,2022,11012,99.41,9.96,317097907523.0,-76.18574464513716,8.709999999999994,0,0,0.2
한미약품,2022,11013,108.73,12.72,321128126272.0,1.2709698340433562,9.320000000000007,0,0,0.2
한미약품,2022,11014,94.68,13.68,342149088819.0,6.545973655759751,-14.049999999999995,0,0,0.2
한미약품,2023,11011,72.57,14.8,1490887463726.0,335.7420529372484,-22.110000000000014,0,0,0.2
한미약품,2023,11012,76.95,9.67,342734988889.0,-77.01134410021514,4.38000000000001,0,0,0.2
한미약품,2023,11013,86.82,16.59,361188556781.0,5.384208934085932,9.86999999999999,0,0,0.2
한미약품,2023,11014,72.78,15.77,364613172738.0,0.948151842771816,-14.039999999999992,0,0,0.2
한미약품,2024,11011,62.87,14.46,1495501575568.0,310.16114813894075,-9.910000000000004,0,0,0.2
한미약품,2024,11012,62.01,15.37,378132765603.0,-74.71532148273512,-0.8599999999999994,0,0,0.2
한미약품,2024,11013,69.13,18.99,403684407858.0,6.757320332781358,7.119999999999997,0,0,0.2
한미약품,2024,11014,58.32,14.08,362077312412.0,-10.30683737991578,-10.809999999999995,0,0,0.2
한미약품,2025,11011,50.23,16.66,1547531098763.0,327.4034980137329,-8.090000000000003,0,0,0.2
한미약품,2025,11012,53.4,16.73,361277145258.0,-76.65461162319889,3.1700000000000017,0,0,0.2
한미약품,2025,11013,56.3,15.1,390948100805.0,8.212796169492265,2.8999999999999986,0,0,0.2
한진중공업홀딩스,2016,11011,332.0,-32.6,299984000000.0,-76.78402965611444,166.85,1,0,0.2
한진중공업홀딩스,2016,11012,162.31,10.71,221369000000.0,-26.206397674542647,-169.69,0,0,0.2
한진중공업홀딩스,2016,11013,165.87,1.54,421726000000.0,90.5081560652124,3.5600000000000023,0,1,0.2
한진중공업홀딩스,2017,11011,347.26,-6.81,906723000000.0,115.00286916149348,181.39,1,1,0.2
한진중공업홀딩스,2017,11012,362.55,-32.93,70254000000.0,-92.2518784678452,15.29000000000002,1,1,0.2
한진중공업홀딩스,2017,11013,359.51,-29.54,75957000000.0,8.117687249124605,-3.0400000000000205,1,1,0.2
한진중공업홀딩스,2017,11014,417.89,5.54,25819000000.0,-66.00839948918467,58.38,1,1,0.2
한진중공업홀딩스,2018,11011,410.45,2.92,946003000000.0,3563.9800147178435,-7.439999999999998,1,1,0.2
한진중공업홀딩스,2018,11012,328.64,-8.44,171609000000.0,-81.85957126985855,-81.81,1,1,0.2
한진중공업홀딩스,2018,11013,332.29,8.76,350661000000.0,104.33718511266892,3.650000000000034,1,1,0.2
한진중공업홀딩스,2018,11014,315.73,1.19,130135000000.0,-62.88865884714867,-16.560000000000002,1,1,0.2
한진중공업홀딩스,2019,11011,416.17,4.38,877642000000.0,574.4088830829523,100.44,1,1,0.2
한진중공업홀딩스,2019,11012,375.64,-3.32,134032000000.0,-84.72816934467585,-40.53000000000003,1,1,0.2
한진중공업홀딩스,2019,11013,398.85,6.25,346100000000.0,158.22191715411248,23.21000000000004,1,1,0.2
한진중공업홀딩스,2019,11014,377.98,1.83,125021000000.0,-63.87720312048542,-20.870000000000005,1,1,0.2
한진중공업홀딩스,2020,11011,415.22,6.64,759207000000.0,507.2635797186073,37.24000000000001,1,1,0.2
한진중공업홀딩스,2020,11012,381.53,5.37,135519000000.0,-82.14992749013115,-33.690000000000055,1,1,0.2
한진중공업홀딩스,2020,11013,395.87,7.61,320615000000.0,136.58306215364635,14.340000000000032,1,1,0.2
한진중공업홀딩스,2020,11014,382.59,4.65,101333000000.0,-68.39417993543658,-13.28000000000003,1,1,0.2
한진중공업홀딩스,2021,11011,427.19,5.02,888034000000.0,776.352224842845,44.60000000000002,1,1,0.2
한진중공업홀딩스,2021,11012,384.81,-2.51,134309000000.0,-84.8756916964891,-42.38,1,1,0.2
한진중공업홀딩스,2021,11013,386.57,10.62,314155000000.0,133.90465270383967,1.759999999999991,1,1,0.2
한진중공업홀딩스,2021,11014,379.28,2.11,133495000000.0,-57.50664480909106,-7.29000000000002,1,1,0.2
한진중공업홀딩스,2022,11011,444.19,2.58,1440144000000.0,978.7999550544964,64.91000000000003,1,1,0.2
한진중공업홀딩스,2022,11012,390.63,2.85,217087000000.0,-84.92602128676022,-53.56,1,1,0.2
한진중공업홀딩스,2022,11013,428.93,4.22,497724000000.0,129.27397771400408,38.30000000000001,1,1,0.2
한진중공업홀딩스,2022,11014,398.3,2.71,226154000000.0,-54.562367898674765,-30.629999999999995,1,1,0.2
한진중공업홀딩스,2023,11012,371.5,1.79,204458000000.0,-9.593462861589884,-26.80000000000001,1,1,0.2
한진중공업홀딩스,2023,11013,411.55,2.56,502093000000.0,145.57268485459116,40.05000000000001,1,1,0.2
한진중공업홀딩스,2023,11014,370.52,2.12,162326000000.0,-67.67013282399874,-41.03000000000003,1,1,0.2
한진중공업홀딩스,2024,11012,341.41,1.56,181992000000.0,12.11512635067704,-29.10999999999996,1,1,0.2
한진중공업홀딩스,2024,11013,381.49,4.34,446506000000.0,145.34375137368673,40.079999999999984,1,1,0.2
한진중공업홀딩스,2024,11014,332.73,5.51,179023000000.0,-59.90580193771192,-48.75999999999999,1,1,0.2
한진중공업홀딩스,2025,11011,278.72,6.1,1201730000000.0,571.2712891639621,-54.00999999999999,1,1,0.2
한진중공업홀딩스,2025,11012,281.76,0.41,201201000000.0,-83.25738726669051,3.039999999999964,1,1,0.2
한진해운,2016,11012,1076.81,-15.98,1432235721674.0,-81.48481927157766,229.04,1,1,-0.8
한진해운,2016,11013,837.96,-7.27,1592760438487.0,11.207981646022503,-238.8499999999999,1,1,-0.8
한화솔루션,2016,11011,152.69,8.42,9258832683954.0,15.2027203555132,-28.22999999999999,0,0,0.2
한화솔루션,2016,11012,162.88,12.27,2392209587383.0,-74.16294613975676,10.189999999999998,0,0,0.2
한화솔루션,2016,11013,175.93,6.6,2163674198091.0,-9.553318007642064,13.050000000000011,0,0,0.2
한화솔루션,2016,11014,152.2,8.58,2385634582598.0,10.258493848234384,-23.730000000000015,0,0,0.2
한화솔루션,2017,11011,120.6,8.1,9341813226373.0,291.5860917894472,-31.599999999999994,0,0,0.2
한화솔루션,2017,11012,127.27,8.8,2485547887863.0,-73.3933035521839,6.670000000000002,0,0,0.2
한화솔루션,2017,11013,144.39,8.97,2191346909673.0,-11.836463888971585,17.11999999999999,0,0,0.2
한화솔루션,2017,11014,124.18,9.31,2313039746972.0,5.55333510918905,-20.20999999999998,0,0,0.2
한화솔루션,2018,11011,144.6,3.92,9046041904194.0,291.0889086984421,20.419999999999987,0,0,0.2
한화솔루션,2018,11012,116.1,8.19,2250539515777.0,-75.12127912282182,-28.5,0,0,0.2
한화솔루션,2018,11013,118.1,8.29,2076062609233.0,-7.752670207337453,2.0,0,0,0.2
한화솔루션,2018,11014,120.79,4.06,2311850145936.0,11.357438627061043,2.690000000000012,0,0,0.2
한화솔루션,2019,11011,170.09,3.98,9503286226445.0,311.0684355190937,49.3,0,0,0.2
한화솔루션,2019,11012,147.97,4.11,2374146473238.0,-75.01762635927547,-22.120000000000005,0,0,0.2
한화솔루션,2019,11013,146.86,4.4,2236224792478.0,-5.809316413906607,-1.1099999999999852,0,0,0.2
한화솔루션,2019,11014,148.68,6.25,2441247985226.0,9.168272949912629,1.8199999999999927,0,0,0.2
한화솔루션,2020,11011,153.65,6.46,9195008128360.0,276.6519494949533,4.969999999999999,0,0,0.2
한화솔루션,2020,11012,170.48,6.57,1956428008178.0,-78.72293334745595,16.829999999999984,0,0,0.2
한화솔루션,2020,11013,185.92,7.07,2248354510049.0,14.92140271202047,15.439999999999998,0,0,0.2
한화솔루션,2020,11014,154.33,9.6,2428432157957.0,8.009308456613251,-31.58999999999997,0,0,0.2
한화솔루션,2021,11011,143.96,6.88,10725192384822.0,341.6508960186447,-10.370000000000005,0,0,0.2
한화솔루션,2021,11012,113.35,7.96,2777493464933.0,-74.10308957381844,-30.610000000000014,0,0,0.2
한화솔루션,2021,11013,119.06,10.59,2404299991017.0,-13.436340305664851,5.710000000000008,0,0,0.2
한화솔루션,2021,11014,114.02,6.91,2580336222064.0,7.321724897255355,-5.040000000000006,0,0,0.2
한화솔루션,2022,11011,140.8,7.08,13653948104906.0,429.1538361610978,26.780000000000012,0,0,0.2
한화솔루션,2022,11012,146.54,8.2,3389085195472.0,-75.17871629924923,5.739999999999981,0,0,0.2
한화솔루션,2022,11013,153.33,5.32,2970334577502.0,-12.355859880107866,6.7900000000000205,0,0,0.2
한화솔루션,2022,11014,147.7,10.35,3365677058627.0,13.309695282121249,-5.630000000000024,0,0,0.2
한화솔루션,2023,11011,171.82,4.55,13288744762930.0,294.8312488528247,24.120000000000005,0,0,0.2
한화솔루션,2023,11012,146.6,5.72,3393033444689.0,-74.46686270810065,-25.22,0,0,0.2
한화솔루션,2023,11013,136.42,8.76,3100157644194.0,-8.631680331752356,-10.180000000000009,0,0,0.2
한화솔루션,2023,11014,161.74,3.36,2925846376110.0,-5.622658202896602,25.32000000000002,0,1,0.2
한화솔루션,2024,11011,183.18,-2.42,12394023649010.0,323.6047302486272,21.44,1,1,0.2
한화솔루션,2024,11012,197.06,-4.02,2679309499303.0,-78.38224635373344,13.879999999999995,1,1,0.2
한화솔루션,2024,11013,212.12,-9.05,2392856652591.0,-10.69129366303214,15.060000000000002,1,1,0.2
한화솔루션,2024,11014,193.06,-2.92,2773249323556.0,15.89701040190219,-19.06,1,1,0.2
한화솔루션,2025,11011,196.32,-2.74,13333055000000.0,380.77375830398415,3.259999999999991,1,0,0.2
한화솔루션,2025,11012,177.97,3.27,3117265000000.0,-76.62002444301025,-18.349999999999994,0,0,0.2
한화솔루션,2025,11013,191.99,0.98,3094476000000.0,-0.7310575135575537,14.02000000000001,0,1,0.2
한화오션,2016,11011,2184.71,-11.94,12819220833774.0,-16.993371617686627,-766.06,1,1,0.2
한화오션,2016,11012,500.0,-12.5,3387987884822.0,-73.57103111995794,-1684.71,1,1,0.2
한화오션,2016,11013,2415.41,4.21,3664530979307.0,8.162458187170563,1915.41,1,1,0.2
한화오션,2016,11014,500.0,-4.63,3053119700806.0,-16.684571148491813,-1915.41,1,1,0.2
한화오션,2017,11011,282.75,6.6,11101818030373.0,263.6221019255225,-217.25,1,1,0.2
한화오션,2017,11012,248.01,19.23,3457622497629.0,-68.8553488431405,-34.74000000000001,1,1,0.2
한화오션,2017,11013,1556.74,8.18,2730464418087.0,-21.030580407220132,1308.73,1,1,0.2
한화오션,2017,11014,223.75,8.09,2420637609620.0,-11.347037024714968,-1332.99,1,1,0.2
한화오션,2018,11011,210.36,10.63,9644383546545.0,298.4232711338815,-13.389999999999986,1,1,0.2
한화오션,2018,11012,221.36,9.87,2325745965094.0,-75.88497021225193,11.0,1,1,0.2
한화오션,2018,11013,234.07,13.24,2256138403192.0,-2.992913368300165,12.70999999999998,1,1,0.2
한화오션,2018,11014,215.94,8.05,2197302717749.0,-2.607804794234203,-18.129999999999995,1,1,0.2
한화오션,2019,11011,200.3,3.5,8358744818823.0,280.4093423861968,-15.639999999999986,1,0,0.2
한화오션,2019,11012,184.09,9.06,2150438629504.0,-74.27318722948161,-16.210000000000008,0,0,0.2
한화오션,2019,11013,194.16,9.63,2072125441935.0,-3.6417308773449175,10.069999999999991,0,1,0.2
한화오션,2019,11014,200.35,-13.16,1947514781407.0,-6.013663941678916,6.189999999999998,1,0,0.2
한화오션,2020,11011,166.76,2.18,7030175197162.0,260.9818659287908,-33.59,0,0,0.2
한화오션,2020,11012,175.76,3.73,1965822316489.0,-72.03736377320185,9.0,0,0,0.2
한화오션,2020,11013,181.17,14.25,1958106708183.0,-0.3924875733316679,5.409999999999997,0,0,0.2
한화오션,2020,11014,161.41,2.33,1441422788383.0,-26.386913319930876,-19.75999999999999,0,1,0.2
한화오션,2021,11011,379.04,-39.11,4486585681366.0,211.26090953502197,217.63,1,1,0.2
한화오션,2021,11012,273.75,-94.21,1069416915688.0,-76.16412587127051,-105.29000000000002,1,1,0.2
한화오션,2021,11013,175.57,-19.32,1101761744241.0,3.0245293559987507,-98.18,1,1,0.2
한화오션,2021,11014,297.31,-1.98,959689940099.0,-12.894966165291278,121.74,1,1,0.2
한화오션,2022,11011,1542.43,-33.2,4860150249534.0,406.4292170273906,1245.12,1,1,0.2
한화오션,2022,11012,676.45,-8.4,1184054452093.0,-75.63749284898076,-865.98,1,1,0.2
한화오션,2022,11013,523.16,-37.75,1245450625773.0,5.1852491725758565,-153.29000000000008,1,1,0.2
한화오션,2022,11014,1290.83,-63.97,981451628399.0,-21.197066500339723,767.67,1,1,0.2
한화오션,2023,11011,223.38,-2.65,7408312265643.0,654.8321334723203,-1067.4499999999998,1,1,0.2
한화오션,2023,11012,484.89,-8.73,1820700739696.0,-75.42354217249003,261.51,1,1,0.2
한화오션,2023,11013,1858.33,-4.36,1439835446284.0,-20.91861035194573,1373.44,1,1,0.2
한화오션,2023,11014,396.29,3.87,1916837192291.0,33.12890700378783,-1462.04,1,1,0.2
한화오션,2024,11011,266.9,2.21,10776004933627.0,462.1763275965832,-129.39000000000004,1,1,0.2
한화오션,2024,11012,274.13,-0.38,2536090807951.0,-76.46538932033135,7.230000000000018,1,1,0.2
한화오션,2024,11013,241.36,2.32,2283627126541.0,-9.954836026316205,-32.76999999999998,1,1,0.2
한화오션,2024,11014,291.48,0.95,2703108868124.0,18.369099609461514,50.120000000000005,1,1,0.2
한화오션,2025,11011,226.17,9.13,12783512278323.0,372.91888347785857,-65.31000000000003,1,1,0.2
한화오션,2025,11012,250.26,11.28,3294113466275.0,-74.2315461153753,24.090000000000003,1,1,0.2
한화오션,2025,11013,257.23,8.23,3143089504964.0,-4.584661787068878,6.970000000000027,1,1,0.2
현대모비스,2016,11011,46.06,7.59,38261745000000.0,6.224352090848839,-1.0599999999999952,0,0,0.4
현대모비스,2016,11012,45.78,7.96,9854081000000.0,-74.24560484630275,-0.2800000000000011,0,0,0.4
현대모비스,2016,11013,47.14,7.69,9339501000000.0,-5.221998885537882,1.3599999999999994,0,0,0.4
현대모비스,2016,11014,43.22,8.22,8778062000000.0,-6.011445365228829,-3.9200000000000017,0,0,0.4
현대모비스,2017,11011,42.16,5.76,35144580000000.0,300.3683273141611,-1.0600000000000025,0,0,0.4
현대모비스,2017,11012,39.05,5.95,8282355000000.0,-76.43347850507817,-3.1099999999999994,0,0,0.4
현대모비스,2017,11013,43.54,7.22,9267749000000.0,11.897509826613328,4.490000000000002,0,0,0.4
현대모비스,2017,11014,40.34,6.21,8772841000000.0,-5.340110095774064,-3.199999999999996,0,0,0.4
현대모비스,2018,11011,40.28,5.76,35149219000000.0,300.6594784973305,-0.0600000000000022,0,0,0.4
현대모비스,2018,11012,41.12,5.98,8883539000000.0,-74.72621226662248,0.8399999999999963,0,0,0.4
현대모비스,2018,11013,43.21,5.49,8194343000000.0,-7.758124324101012,2.0900000000000034,0,0,0.4
현대모비스,2018,11014,39.5,5.49,8427331000000.0,2.8432785886556067,-3.710000000000001,0,0,0.4
현대모비스,2019,11011,43.8,6.2,38048768000000.0,351.492506939623,4.299999999999997,0,0,0.4
현대모비스,2019,11012,40.8,6.63,9462251000000.0,-75.13125523538633,-3.0,0,0,0.4
현대모비스,2019,11013,42.66,5.65,8737841000000.0,-7.655789304257521,1.8599999999999997,0,0,0.4
현대모비스,2019,11014,40.4,6.39,9444949000000.0,8.092479595359992,-2.259999999999998,0,0,0.4
현대모비스,2020,11011,45.52,5.0,36626504000000.0,287.78932527851657,5.1200000000000045,0,0,0.4
현대모비스,2020,11012,42.23,2.24,7535472000000.0,-79.42617728407822,-3.2900000000000063,0,0,0.4
현대모비스,2020,11013,44.4,4.28,8423037000000.0,11.778492442145636,2.1700000000000017,0,0,0.4
현대모비스,2020,11014,45.33,5.99,9991572000000.0,18.62196497534083,0.9299999999999996,0,0,0.4
현대모비스,2021,11011,45.61,4.89,41702184000000.0,317.37360247216355,0.2800000000000011,0,0,0.4
현대모비스,2021,11012,44.75,5.48,10285078000000.0,-75.33683607553982,-0.8599999999999994,0,0,0.4
현대모비스,2021,11013,46.74,5.0,9815802000000.0,-4.562687808493038,1.990000000000002,0,0,0.4
현대모비스,2021,11014,43.19,4.58,9989890000000.0,1.7735484069462792,-3.5500000000000043,0,0,0.4
현대모비스,2022,11011,46.55,3.9,51906293000000.0,419.588233704275,3.3599999999999994,0,0,0.4
현대모비스,2022,11012,47.08,3.28,12308052000000.0,-76.28793872835419,0.5300000000000011,0,0,0.4
현대모비스,2022,11013,47.37,3.42,11308210000000.0,-8.123478841330867,0.2899999999999991,0,0,0.4
현대모비스,2022,11014,47.28,4.33,13295532000000.0,17.574151877264388,-0.0899999999999963,0,0,0.4
현대모비스,2023,11011,44.1,3.87,59254361000000.0,345.67123000418485,-3.18,0,0,0.4
현대모비스,2023,11012,48.17,4.23,15684944000000.0,-73.52946899553942,4.07,0,0,0.4
현대모비스,2023,11013,48.8,2.85,14666974000000.0,-6.490109241065822,0.6299999999999955,0,0,0.4
현대모비스,2023,11014,45.42,4.85,14230244000000.0,-2.9776421503167616,-3.3799999999999955,0,0,0.4
현대모비스,2024,11011,44.4,5.37,57236995000000.0,302.2207560179573,-1.0200000000000031,0,0,0.4
현대모비스,2024,11012,46.39,4.34,14655307000000.0,-74.39539409782083,1.990000000000002,0,0,0.4
현대모비스,2024,11013,46.5,3.91,13869224000000.0,-5.3638112118702175,0.1099999999999994,0,0,0.4
현대모비스,2024,11014,43.72,6.49,14001808000000.0,0.9559583146108164,-2.780000000000001,0,0,0.4
현대모비스,2025,11011,43.05,5.49,61118127000000.0,336.5016789260358,-0.6700000000000017,0,0,0.4
현대모비스,2025,11012,44.92,5.46,15936241000000.0,-73.92550822115345,1.8700000000000043,0,0,0.4
현대모비스,2025,11013,46.81,5.26,14752034000000.0,-7.430905443761803,1.8900000000000008,0,0,0.4
현대백화점,2016,11011,52.82,20.92,1831801786000.0,10.55195898320884,-0.0200000000000031,0,0,0.2
현대백화점,2016,11012,54.28,17.32,449580257000.0,-75.45693751168774,1.4600000000000009,0,0,0.2
현대백화점,2016,11013,52.02,22.32,458550806000.0,1.9953164891758133,-2.259999999999998,0,0,0.2
현대백화점,2016,11014,53.07,19.34,423563452000.0,-7.629984189799899,1.0499999999999972,0,0,0.2
현대백화점,2017,11011,46.77,21.3,1848140316000.0,336.33139433380575,-6.299999999999997,0,0,0.2
현대백화점,2017,11012,47.46,15.85,435864468000.0,-76.41605108516015,0.6899999999999977,0,0,0.2
현대백화점,2017,11013,48.75,27.96,495156931000.0,13.603417427455922,1.2899999999999991,0,0,0.2
현대백화점,2017,11014,48.63,16.46,422277000000.0,-14.718552127062924,-0.1199999999999974,0,0,0.2
현대백화점,2018,11011,44.72,19.15,1862205782000.0,340.9915249942573,-3.910000000000004,0,0,0.2
현대백화점,2018,11012,55.79,17.03,442311746000.0,-76.24796624114445,11.07,0,0,0.2
현대백화점,2018,11013,47.91,22.74,451902163000.0,2.168248319591304,-7.880000000000003,0,0,0.2
현대백화점,2018,11014,50.77,18.28,437013912000.0,-3.2945739629044457,2.8600000000000065,0,0,0.2
현대백화점,2019,11011,53.1,13.29,2198949660000.0,403.17612314364953,2.3299999999999983,0,0,0.2
현대백화점,2019,11012,50.65,9.5,533391899000.0,-75.74333288739315,-2.450000000000003,0,0,0.2
현대백화점,2019,11013,51.35,14.41,521021333000.0,-2.3192264492940877,0.7000000000000028,0,0,0.2
현대백화점,2019,11014,54.26,11.44,532155816000.0,2.137049348035047,2.9099999999999966,0,0,0.2
현대백화점,2020,11011,73.02,5.98,2273151865000.0,327.1590757170265,18.76,0,0,0.2
현대백화점,2020,11012,67.61,1.57,516608061000.0,-77.27349109602935,-5.409999999999997,0,0,0.2
현대백화점,2020,11013,58.41,3.31,449563994000.0,-12.977743101844474,-9.200000000000005,0,0,0.2
현대백화점,2020,11014,71.64,6.75,662348093000.0,47.33121465239052,13.230000000000004,0,0,0.2
현대백화점,2021,11011,71.64,7.4,3572433182000.0,439.3588688115994,0.0,0,0,0.2
현대백화점,2021,11012,80.26,6.68,863777985000.0,-75.82101774912917,8.620000000000005,0,0,0.2
현대백화점,2021,11013,79.68,9.51,683225361000.0,-20.902665631145943,-0.5799999999999983,0,0,0.2
현대백화점,2021,11014,80.8,5.14,924792608000.0,35.356891121025,1.1199999999999903,0,0,0.2
현대백화점,2022,11011,89.55,6.4,5014123629000.0,442.18898222421774,8.75,0,0,0.2
현대백화점,2022,11012,91.37,6.33,1125228867000.0,-77.55881286029616,1.8200000000000076,0,0,0.2
현대백화점,2022,11013,75.04,9.51,934385942000.0,-16.960365184090143,-16.33,0,0,0.2
현대백화점,2022,11014,93.28,6.72,1372128257000.0,46.848127237770456,18.239999999999995,0,0,0.2
현대백화점,2023,11011,86.53,7.21,4207452895000.0,206.63699792897717,-6.75,0,0,0.2
현대백화점,2023,11012,87.2,5.73,970276299000.0,-76.93910488806553,0.6700000000000017,0,0,0.2
현대백화점,2023,11013,87.81,7.09,1097731719000.0,13.135992307692137,0.6099999999999994,0,0,0.2
현대백화점,2023,11014,88.56,7.37,1004236661000.0,-8.517113642773399,0.75,0,0,0.2
현대백화점,2024,11011,79.93,6.78,4187614464000.0,316.9947808746648,-8.629999999999995,0,0,0.2
현대백화점,2024,11012,83.89,4.18,1023813115000.0,-75.55139987691093,3.9599999999999937,0,0,0.2
현대백화점,2024,11013,85.67,7.24,951730723000.0,-7.040581034166571,1.7800000000000011,0,0,0.2
현대백화점,2024,11014,79.28,6.23,1036833981000.0,8.94194712257912,-6.390000000000001,0,0,0.2
현대백화점,2025,11011,78.26,8.93,4230320613000.0,308.0036621600657,-1.019999999999996,0,0,0.2
현대백화점,2025,11012,78.94,8.04,1080285956000.0,-74.46326047533552,0.6799999999999926,0,0,0.2
현대백화점,2025,11013,80.95,10.24,1098095716000.0,1.6486153412513582,2.010000000000005,0,0,0.2
현대자동차,2016,11011,147.2,5.55,93649024000000.0,1.8380939903306135,-0.0600000000000022,0,0,0.4
현대자동차,2016,11012,145.34,7.14,24676726000000.0,-73.64977770617236,-1.8599999999999848,0,0,0.4
현대자동차,2016,11013,144.63,6.01,22350624000000.0,-9.426299096565726,-0.710000000000008,0,0,0.4
현대자동차,2016,11014,141.28,4.84,22083670000000.0,-1.1943917091531753,-3.3499999999999943,0,0,0.4
현대자동차,2017,11011,138.37,4.75,96376079000000.0,336.41332713267315,-2.9099999999999966,0,0,0.4
현대자동차,2017,11012,142.62,5.53,24308002000000.0,-74.77797161679507,4.25,0,0,0.4
현대자동차,2017,11013,141.37,5.35,23365959000000.0,-3.875443979311832,-1.25,0,0,0.4
현대자동차,2017,11014,143.29,4.98,24201273000000.0,3.574918538545746,1.9199999999999875,0,0,0.4
현대자동차,2018,11012,139.26,3.85,24711802000000.0,2.109512999584773,-4.030000000000001,0,0,0.4
현대자동차,2018,11013,135.73,3.04,22436561000000.0,-9.207102743863038,-3.530000000000001,0,0,0.4
현대자동차,2020,11011,174.22,2.3,103997601000000.0,363.5184554353049,38.49000000000001,0,1,0.4
현대자동차,2020,11014,173.03,-1.14,27575812000000.0,-73.48418450537142,-1.1899999999999975,1,0,0.4
현대자동차,2021,11011,183.17,5.68,117610626000000.0,326.49923055756256,10.139999999999986,0,0,0.4
현대자동차,2021,11012,178.15,6.22,30326066000000.0,-74.21485878325313,-5.019999999999982,0,0,0.4
현대자동차,2021,11013,178.82,6.05,27390871000000.0,-9.678785899892194,0.6699999999999875,0,0,0.4
현대자동차,2021,11014,180.78,5.57,28867220000000.0,5.38993082768342,1.960000000000008,0,0,0.4
현대자동차,2022,11011,181.36,6.89,142527535000000.0,393.7348833729053,0.5800000000000125,0,0,0.4
현대자동차,2022,11012,182.65,8.28,35999896000000.0,-74.7417956817958,1.289999999999992,0,0,0.4
현대자동차,2022,11013,183.82,6.37,30298568000000.0,-15.837067973751928,1.1699999999999875,0,0,0.4
현대자동차,2022,11014,188.22,4.12,37705442000000.0,24.44628406200584,4.400000000000006,0,0,0.4
현대자동차,2023,11011,177.44,9.3,162663579000000.0,331.40610578175955,-10.78,0,0,0.4
현대자동차,2023,11012,178.48,10.03,42249695000000.0,-74.02633382362748,1.039999999999992,0,0,0.4
현대자동차,2023,11013,181.48,9.51,37778693000000.0,-10.582329647586809,3.0,0,0,0.4
현대자동차,2023,11014,175.79,9.32,41002663000000.0,8.533831490676501,-5.689999999999998,0,0,0.4
현대자동차,2024,11011,182.52,8.13,175231153000000.0,327.3652982002657,6.730000000000018,0,0,0.4
현대자동차,2024,11012,179.51,9.5,45020581000000.0,-74.30788976204477,-3.0100000000000198,0,0,0.4
현대자동차,2024,11013,182.09,8.75,40658539000000.0,-9.688995350815222,2.5800000000000125,0,0,0.4
현대자동차,2024,11014,174.48,8.34,42928332000000.0,5.582573933608392,-7.610000000000014,0,0,0.4
현대자동차,2025,11011,188.95,6.16,186254472000000.0,333.8730701206839,14.47,0,0,0.4
현대자동차,2025,11012,179.51,7.46,48286677000000.0,-74.07488986358406,-9.439999999999998,0,0,0.4
현대자동차,2025,11013,182.67,8.18,44407761000000.0,-8.033097825306967,3.1599999999999966,0,0,0.4
휴젤,2016,11011,7.43,50.94,124189443779.0,90.8681199664574,-1.1099999999999994,0,0,0.4
휴젤,2016,11012,6.34,52.89,30931017782.0,-75.09368200646509,-1.09,0,0,0.4
휴젤,2016,11013,8.1,38.8,22654038933.0,-26.75947783980359,1.7599999999999998,0,0,0.4
휴젤,2016,11014,8.33,54.66,32802929812.0,44.79947663644283,0.2300000000000004,0,0,0.4
휴젤,2017,11011,14.35,55.98,182085496975.0,455.0891277656221,6.02,0,0,0.4
휴젤,2017,11012,6.51,59.18,46155456738.0,-74.65176661250673,-7.84,0,0,0.4
휴젤,2017,11013,7.32,58.39,44250671357.0,-4.126890980220288,0.8100000000000005,0,0,0.4
휴젤,2017,11014,14.17,57.05,41570468782.0,-6.0568630775723165,6.85,0,0,0.4
휴젤,2018,11011,17.01,33.0,182391609421.0,338.7528328763411,2.8400000000000016,0,0,0.4
휴젤,2018,11012,13.2,39.0,42864237603.0,-76.49878865641242,-3.8100000000000014,0,0,0.4
휴젤,2018,11013,14.64,48.73,45778544324.0,6.798923494199816,1.4400000000000013,0,0,0.4
휴젤,2018,11014,13.77,14.69,34936231323.0,-23.68426773088933,-0.870000000000001,0,0,0.4
휴젤,2019,11011,20.21,33.28,204567625227.0,485.54577148201,6.440000000000001,0,0,0.4
휴젤,2019,11012,18.11,31.76,50286324210.0,-75.41823924768183,-2.1000000000000014,0,0,0.4
휴젤,2019,11013,17.79,33.45,49118975852.0,-2.321403237041253,-0.3200000000000003,0,0,0.4
휴젤,2019,11014,18.06,35.62,51142226291.0,4.119081075908904,0.2699999999999996,0,0,0.4
휴젤,2020,11011,20.44,36.99,211038348381.0,312.64990534473174,2.3800000000000026,0,0,0.4
휴젤,2020,11012,19.69,34.61,48278347671.0,-77.12342423006446,-0.75,0,0,0.4
휴젤,2020,11013,18.55,29.84,41257994447.0,-14.541411549213002,-1.1400000000000006,0,0,0.4
휴젤,2020,11014,20.12,39.14,54072110072.0,31.05850344097798,1.5700000000000005,0,0,0.4
휴젤,2021,11011,21.78,39.63,245153111424.0,353.3818101375461,1.66,0,0,0.4
휴젤,2021,11012,19.56,41.2,64528228594.0,-73.67839705595398,-2.2200000000000024,0,0,0.4
휴젤,2021,11013,20.14,46.16,63823581229.0,-1.0919986188269837,0.5800000000000018,0,0,0.4
휴젤,2021,11014,19.75,38.28,55791778910.0,-12.584380513186444,-0.3900000000000005,0,0,0.4
휴젤,2022,11011,23.58,35.99,281675135067.0,404.8685318340211,3.8299999999999983,0,0,0.4
휴젤,2022,11012,22.58,33.12,67400702831.0,-76.07147581025642,-1.0,0,0,0.4
휴젤,2022,11013,21.49,38.5,64899007398.0,-3.7116755878239593,-1.09,0,0,0.4
휴젤,2022,11014,21.17,35.05,70677339756.0,8.903575862977032,-0.3199999999999967,0,0,0.4
휴젤,2023,11011,19.18,36.84,319699941151.0,352.3372586669262,-1.990000000000002,0,0,0.4
휴젤,2023,11012,26.95,34.31,81555538910.0,-74.48997374964175,7.77,0,0,0.4
휴젤,2023,11013,25.3,28.74,64380376483.0,-21.05946776460336,-1.6499999999999986,0,0,0.4
휴젤,2023,11014,21.26,40.74,84817212854.0,31.74389074347284,-4.039999999999999,0,0,0.4
휴젤,2024,11011,11.73,44.56,373046885998.0,339.8245043021442,-9.53,0,0,0.4
휴젤,2024,11012,10.59,44.47,95423375602.0,-74.4205409068844,-1.1400000000000006,0,0,0.4
휴젤,2024,11013,21.3,32.24,74306211152.0,-22.129970058989823,10.71,0,0,0.4
휴젤,2024,11014,10.6,50.79,105108731181.0,41.45349298726953,-10.7,0,0,0.4
휴젤,2025,11011,9.86,47.25,425109983561.0,304.447831102584,-0.7400000000000002,0,0,0.4
휴젤,2025,11012,13.55,51.4,110260417924.0,-74.0630843339913,3.690000000000001,0,0,0.4
휴젤,2025,11013,10.79,43.37,89820459818.0,-18.53789282758641,-2.7600000000000016,0,0,0.4
